Matricule;Nom;Ville;Ville_Naissance;Maison;Age;Note_1;Note_2;Note_3;Note_4
IUA_001;ABOU GRAN CHRIST YVANN JEREMIE;Bouaké;Man;Villa;19;0;4;11;7
IUA_002;AKINOCHO MAURINE EMERAUDE TINU;Toumodi;Korhogo;Cour-commune;17;2;7;7;4
IUA_003;ANOH ASSIBLA ANNE MARIE SUZAN;Soubré;Séguéla;Cour-commune;20;13;3;9;10
IUA_004;Anougba Tehoua Yvan;Agnibilékrou;Man;Chateau;23;10;12;16;14
IUA_005;BILE ASSOBA HERMANN;Korhogo;Mankono;Cour-commune;24;7;7;2;3
IUA_006;D'ALMEIDA CHIADON ANNE AXEL;Danané;San-Pédro;Cour-commune;29;5;4;15;2
IUA_007;DIPLO SOPI-CHRYS-LEWIS;Yamoussoukro;Toumodi;Chateau;17;10;10;13;13
IUA_008;DJEDJI VENANCE FIDELIA;Divo;Abengourou;Cour-commune;29;16;2;5;12
IUA_009;EBIELE ASSOUMOU ASSOMETA MARIE;Ferkessédougou;Bondoukou;Cour-commune;25;3;0;17;15
IUA_010;EDI MONNET ANGE CEDRIC;Ferkessédougou;Séguéla;Chateau;19;4;19;9;12
IUA_011;KOFFI YAO DESIRE BRICE AIME;Agboville;San-Pédro;Villa;25;18;16;3;12
IUA_012;KOFFI YVAN STEPHANE AUREL;Tiassalé;Soubré;Cour-commune;25;0;16;11;8
IUA_013;KOMISSE KOUASSI ANDRE JOSUE;San-Pédro;Bondoukou;Chateau;25;18;15;8;13
IUA_014;KOUAKOU ANGE VICTOIRE AKISSI M;Bouna;Agboville;Cour-commune;23;0;2;12;19
IUA_015;KOUAME BI KOFFI ULRICH SENDOR;Issia;Mankono;Cour-commune;23;2;2;19;5
IUA_016;KOUAME HANINI MOAYET DOMINIK;Abidjan;Abengourou;Chateau;27;19;8;11;8
IUA_017;KOUASSI AHI MARIE DESIREE;Abengourou;Bondoukou;Cour-commune;21;6;6;15;5
IUA_018;LATTROH EULOGE LEVI;Mankono;Danané;Villa;19;14;18;6;5
IUA_019;N'DRI KOFFI PIERRE EZECHIEL;Toumodi;Agboville;Villa;26;1;19;14;15
IUA_020;N'GUESSAN DUMAS ELVIRAT;Daloa;Ferkessédougou;Chateau;17;8;12;14;18
IUA_021;N'GUESSAN KOFFI MICHEL NINEL;Danané;Daloa;Villa;25;17;17;6;2
IUA_022;SIAE-BI CEDRIC EPHRAIM TROLI;Man;Abengourou;Chateau;27;14;15;9;14
IUA_023;TOURE MANOU PRISCILLE EMMANUELLA;Boundiali;Korhogo;Cour-commune;28;8;7;19;2
IUA_024;YEPIE GRACE DARELLE;Divo;Soubré;Villa;22;4;1;9;17
IUA_025;KOUADIO JUSTIN;Odienné;San-Pédro;Cour-commune;24;5;12;8;2
IUA_026;ZOUMANA MELISSA;Mankono;Daloa;Villa;27;1;11;16;14
IUA_027;DEMBÉLÉ ABOU;Divo;Mankono;Chateau;17;15;15;9;5
IUA_028;BAMBA JULE;Daloa;Korhogo;Chateau;22;18;6;17;13
IUA_029;KOUAKOU CARLOS;Lakota;Daloa;Cour-commune;21;2;15;9;0
IUA_030;TOURÉ FELICIA;Lakota;Mankono;Chateau;29;16;5;16;19
IUA_031;DJEDJE MARC;Lakota;Bouaké;Villa;17;15;9;19;8
IUA_032;BERTHÉ DAVID;Toumodi;Lakota;Villa;28;8;3;18;2
IUA_033;BAMBA AMINATA;Toumodi;Korhogo;Villa;18;3;8;14;16
IUA_034;COULIBALY MARC;Divo;Bouaké;Villa;29;3;18;17;12
IUA_035;KONATÉ ERIC;Yamoussoukro;Daloa;Villa;17;7;11;4;9
IUA_036;GNAMBA OUMAR;Korhogo;Lakota;Cour-commune;20;7;8;3;18
IUA_037;FOFANA RONALDO;Danané;Séguéla;Cour-commune;25;17;8;6;14
IUA_038;BAMBA ALEXANDRE;Yamoussoukro;Agboville;Villa;19;17;12;13;1
IUA_039;YAO ADAM;Lakota;Danané;Villa;23;11;4;6;0
IUA_040;CISSÉ BARBARA;Abengourou;Boundiali;Chateau;21;9;5;13;17
IUA_041;OUATTARA KEVIN;Odienné;Bondoukou;Cour-commune;24;1;17;4;6
IUA_042;DJEDJE IDRISS;Issia;Soubré;Chateau;22;9;18;4;13
IUA_043;KONAN CHRISTINE;Agnibilékrou;Lakota;Chateau;19;9;16;11;16
IUA_044;TOURÉ DONALD;Ferkessédougou;Toumodi;Villa;16;5;6;19;18
IUA_045;KOUADIO MESSI;Yamoussoukro;Lakota;Chateau;19;10;17;12;5
IUA_046;GNAMBA MESSI;Lakota;Bouaké;Cour-commune;23;9;7;3;17
IUA_047;KOUAKOU MELISSA;Bouaké;Ferkessédougou;Cour-commune;16;16;18;0;11
IUA_048;KOUAKOU MOHAMED;San-Pédro;Yamoussoukro;Villa;19;14;15;0;19
IUA_049;SORO DIDIER;Soubré;Daloa;Cour-commune;17;4;3;16;6
IUA_050;OUATTARA BRYAN;Issia;Odienné;Chateau;19;14;16;19;4
IUA_051;AHOUA AMINATA;Divo;Lakota;Cour-commune;17;3;2;16;5
IUA_052;AHOUA MOHAMED;Boundiali;Gagnoa;Villa;16;12;14;3;14
IUA_053;DJEDJE DONALD;Gagnoa;Issia;Cour-commune;20;7;1;15;0
IUA_054;COULIBALY MARC;Bondoukou;Agnibilékrou;Villa;26;5;19;19;5
IUA_055;COULIBALY DONALD;Korhogo;Man;Chateau;24;13;15;13;15
IUA_056;TOURÉ AMINATA;Ferkessédougou;Daloa;Villa;24;17;11;9;4
IUA_057;DIAKITÉ KEVIN;Tiassalé;Agboville;Cour-commune;19;14;0;15;16
IUA_058;SORO MICHELLE;Daloa;Divo;Cour-commune;27;1;19;15;3
IUA_059;CISSÉ CHRISTINE;Mankono;Abengourou;Cour-commune;26;5;3;0;19
IUA_060;FOFANA OLIVIER;Odienné;Yamoussoukro;Chateau;20;16;17;15;18
IUA_061;DIAKITÉ PAUL;Mankono;San-Pédro;Villa;21;4;16;9;19
IUA_062;YAO ADAM;Lakota;Daloa;Cour-commune;29;3;15;11;7
IUA_063;DEMBÉLÉ MELISSA;Ferkessédougou;Boundiali;Villa;25;17;11;9;3
IUA_064;SORO ISABELLE;Mankono;Abidjan;Chateau;25;19;10;5;12
IUA_065;KOUADIO MARC;Danané;Soubré;Villa;18;12;4;13;11
IUA_066;BAKAYOKO DONALD;Mankono;Yamoussoukro;Villa;23;19;11;11;2
IUA_067;OUATTARA FELICIA;Bondoukou;Yamoussoukro;Chateau;23;12;11;12;11
IUA_068;CISSÉ AMINATA;Man;Ferkessédougou;Cour-commune;27;10;5;12;9
IUA_069;OUATTARA OLIVIER;Ferkessédougou;Man;Villa;28;5;12;10;15
IUA_070;YAO ABOU;Odienné;Bouaké;Cour-commune;19;1;15;6;15
IUA_071;CISSÉ JULE;Korhogo;Agboville;Cour-commune;26;18;0;6;14
IUA_072;TOURÉ CARLOS;Divo;Ferkessédougou;Cour-commune;18;5;1;1;12
IUA_073;DIABATÉ ADAM;Séguéla;Man;Chateau;26;4;19;16;16
IUA_074;DIAKITÉ BARBARA;Abidjan;Soubré;Cour-commune;25;12;0;9;15
IUA_075;DIABATÉ FELICIA;Lakota;Ferkessédougou;Cour-commune;18;5;15;15;4
IUA_076;GNAMBA IDRISS;Séguéla;Lakota;Cour-commune;17;2;8;12;5
IUA_077;TOURÉ LAMINE;Abidjan;Abidjan;Villa;29;19;0;13;8
IUA_078;TANO MICHELLE;Lakota;Séguéla;Chateau;29;12;16;16;11
IUA_079;KOUAKOU ANGELA;Man;Odienné;Chateau;26;17;1;19;15
IUA_080;CISSÉ LISA;Abidjan;Agnibilékrou;Cour-commune;16;8;5;5;14
IUA_081;TOURÉ OUMAR;Ferkessédougou;Soubré;Cour-commune;24;5;12;18;10
IUA_082;TANO CARLOS;Bouaké;Yamoussoukro;Cour-commune;21;15;0;8;3
IUA_083;N’GUESSAN DAVID;Man;Lakota;Villa;24;14;16;1;12
IUA_084;TOURÉ MESSI;Mankono;Tiassalé;Cour-commune;16;9;3;7;9
IUA_085;TOURÉ JULE;Danané;Boundiali;Cour-commune;21;18;1;13;13
IUA_086;CISSÉ DONALD;Daloa;San-Pédro;Cour-commune;19;6;12;3;5
IUA_087;BAKAYOKO ANGELA;Issia;Gagnoa;Cour-commune;23;2;11;9;4
IUA_088;SORO ABDEL;Abidjan;Danané;Cour-commune;26;11;5;5;18
IUA_089;TOURÉ DONALD;Abengourou;Séguéla;Cour-commune;18;0;19;7;1
IUA_090;ADJOUMANI AMINATA;Man;Boundiali;Chateau;29;19;17;10;14
IUA_091;TANO ABOU;Man;Bondoukou;Cour-commune;18;3;4;4;2
IUA_092;KOUADIO JULE;Agnibilékrou;Korhogo;Cour-commune;19;13;8;14;4
IUA_093;COULIBALY MICHELLE;Tiassalé;San-Pédro;Cour-commune;26;3;6;12;13
IUA_094;GOUHO DONALD;Man;Gagnoa;Cour-commune;28;19;1;10;3
IUA_095;COULIBALY BRYAN;Lakota;Ferkessédougou;Villa;18;0;14;6;11
IUA_096;DJEDJE LAMINE;Man;Mankono;Villa;27;7;16;10;17
IUA_097;GOUHO ANGELA;Daloa;Bouaké;Cour-commune;17;2;14;10;11
IUA_098;KONATÉ RONALDO;Toumodi;Bondoukou;Cour-commune;25;4;11;9;11
IUA_099;DIABATÉ JULE;Danané;Yamoussoukro;Chateau;24;10;7;16;11
IUA_100;ADJOUMANI MARC;Daloa;Danané;Villa;21;12;6;13;17
IUA_101;GON OUMAR;Toumodi;Korhogo;Cour-commune;25;11;6;3;10
IUA_102;YAO OLIVIER;Toumodi;Daloa;Cour-commune;17;1;7;14;12
IUA_103;TOURÉ LAMINE;Agboville;Boundiali;Chateau;27;14;17;15;16
IUA_104;BAKAYOKO ALEXANDRE;Danané;Korhogo;Villa;27;3;1;12;8
IUA_105;KOFFI JOHN;Tiassalé;Abengourou;Cour-commune;25;8;16;0;5
IUA_106;AKA DAVID;Agnibilékrou;Ferkessédougou;Villa;29;16;7;4;15
IUA_107;SORO ADAM;Odienné;Toumodi;Cour-commune;16;11;0;11;12
IUA_108;FOFANA LAMINE;Korhogo;Gagnoa;Cour-commune;29;4;16;6;6
IUA_109;BERTHÉ DONALD;Agboville;Issia;Chateau;29;12;9;7;18
IUA_110;TANO DONALD;Bouaké;Yamoussoukro;Chateau;27;13;2;19;18
IUA_111;BAKAYOKO CARLOS;Abidjan;Man;Villa;28;16;9;17;1
IUA_112;N’GUESSAN ERIC;Tiassalé;Abidjan;Cour-commune;23;4;7;12;13
IUA_113;TRAORÉ KEVIN;Agboville;Bouna;Cour-commune;27;4;10;5;9
IUA_114;YAO MELISSA;Yamoussoukro;Agnibilékrou;Cour-commune;19;6;10;9;2
IUA_115;DEMBÉLÉ LUC;San-Pédro;Abengourou;Villa;16;16;14;5;15
IUA_116;BAKAYOKO ISSOUF;Daloa;Bouna;Cour-commune;23;18;11;4;3
IUA_117;KOFFI LUC;Daloa;Divo;Cour-commune;25;15;4;5;2
IUA_118;BAKAYOKO AMINATA;Agboville;Bouna;Cour-commune;22;8;6;0;18
IUA_119;FOFANA PAUL;Tiassalé;Korhogo;Chateau;22;17;14;8;7
IUA_120;DEMBÉLÉ ISABELLE;Ferkessédougou;Danané;Chateau;20;8;13;17;17
IUA_121;TANO LISA;Toumodi;Danané;Chateau;23;12;15;16;16
IUA_122;KOUADIO ISABELLE;Man;Divo;Cour-commune;25;18;10;4;0
IUA_123;TANO AMINATA;Tiassalé;Toumodi;Cour-commune;19;11;0;10;16
IUA_124;ADJOUMANI JACQUES;Abengourou;Ferkessédougou;Villa;17;12;9;1;0
IUA_125;AKA LAMINE;Agboville;Mankono;Chateau;16;18;18;11;16
IUA_126;AKA MATHIEU;Abidjan;Abidjan;Cour-commune;27;14;18;6;0
IUA_127;OUATTARA MELISSA;Yamoussoukro;Soubré;Cour-commune;20;4;3;2;1
IUA_128;YAO ABOU;Odienné;Lakota;Cour-commune;27;2;8;2;17
IUA_129;DJEDJE ANGELA;Boundiali;Agboville;Cour-commune;20;0;0;5;15
IUA_130;BERTHÉ DIDIER;Korhogo;Abidjan;Cour-commune;29;2;16;7;9
IUA_131;BAMBA OUMAR;Korhogo;Lakota;Villa;29;11;7;3;10
IUA_132;YAO MESSI;Abengourou;Soubré;Chateau;18;6;15;14;18
IUA_133;ADJOUMANI PAUL;Agnibilékrou;Lakota;Villa;16;16;7;15;5
IUA_134;TANO KEVIN;Séguéla;Soubré;Villa;24;2;5;15;0
IUA_135;KONAN PAUL;Toumodi;Issia;Villa;17;15;15;2;15
IUA_136;KONAN MICHELLE;Lakota;Tiassalé;Cour-commune;17;5;16;5;10
IUA_137;DIABATÉ LUC;Bouaké;Bouna;Cour-commune;20;11;2;13;4
IUA_138;OUATTARA OLIVIER;Odienné;Bouna;Chateau;29;10;15;16;11
IUA_139;YAO ANGELA;Daloa;Korhogo;Chateau;24;10;18;10;14
IUA_140;YAO MARC;Mankono;Korhogo;Cour-commune;20;10;0;1;19
IUA_141;AHOUA ERIC;Yamoussoukro;Boundiali;Villa;25;8;10;0;4
IUA_142;COULIBALY MESSI;Man;Divo;Chateau;23;10;19;15;2
IUA_143;GOUHO OUMAR;Bouaké;Gagnoa;Cour-commune;21;18;4;3;12
IUA_144;KONATÉ BARBARA;Toumodi;Agboville;Villa;22;13;4;19;15
IUA_145;COULIBALY ABDEL;Issia;Lakota;Cour-commune;20;14;15;5;5
IUA_146;DJEDJE MOHAMED;Bondoukou;Agnibilékrou;Villa;17;17;12;8;4
IUA_147;KOUADIO IDRISS;Odienné;Gagnoa;Chateau;18;13;19;19;4
IUA_148;KONATÉ KADER;Toumodi;Mankono;Chateau;22;17;10;15;14
IUA_149;GON LISA;San-Pédro;San-Pédro;Cour-commune;27;8;4;4;1
IUA_150;KOFFI ABOU;Agboville;Tiassalé;Chateau;28;17;17;15;12
IUA_151;SORO CASSANDRA;Korhogo;Abidjan;Cour-commune;21;1;8;15;6
IUA_152;KONAN DAVID;Bouaké;Daloa;Cour-commune;25;6;7;3;17
IUA_153;DJEDJE ABDEL;Korhogo;Bouaké;Cour-commune;19;19;12;1;4
IUA_154;COULIBALY BARBARA;Soubré;Agboville;Cour-commune;23;3;10;13;0
IUA_155;ADJOUMANI CARLOS;San-Pédro;Abidjan;Cour-commune;29;12;12;10;5
IUA_156;DEMBÉLÉ JACQUES;Yamoussoukro;Séguéla;Cour-commune;25;7;16;1;12
IUA_157;BERTHÉ BARBARA;Mankono;Bouaké;Villa;16;7;15;4;5
IUA_158;GON JOHN;Issia;Agboville;Cour-commune;27;8;17;1;12
IUA_159;YAO MICHELLE;Abidjan;Boundiali;Cour-commune;20;6;16;10;1
IUA_160;KOUADIO ALEXANDRE;Divo;Abidjan;Cour-commune;28;17;1;0;8
IUA_161;KOUADIO CARLOS;Agboville;Lakota;Cour-commune;20;18;5;4;9
IUA_162;BAMBA CHRISTINE;Agnibilékrou;San-Pédro;Chateau;21;15;2;17;12
IUA_163;BAMBA LAMINE;Daloa;Tiassalé;Villa;20;10;7;0;7
IUA_164;DIAKITÉ JULE;Abengourou;Abidjan;Villa;25;15;0;9;17
IUA_165;BAKAYOKO ISSOUF;Ferkessédougou;Agboville;Chateau;25;19;16;10;9
IUA_166;BAMBA MARC;Abengourou;Tiassalé;Cour-commune;28;15;10;5;2
IUA_167;DJEDJE ERIC;Mankono;San-Pédro;Villa;19;11;8;4;1
IUA_168;KOFFI LUC;Agnibilékrou;San-Pédro;Cour-commune;22;3;3;0;5
IUA_169;TRAORÉ ISABELLE;Daloa;Ferkessédougou;Cour-commune;18;2;15;9;4
IUA_170;GOUHO PAUL;Man;Korhogo;Cour-commune;28;12;11;4;1
IUA_171;TANO JOHN;Bouaké;Odienné;Villa;22;15;18;2;12
IUA_172;ADJOUMANI JULE;Toumodi;Toumodi;Cour-commune;18;3;3;14;17
IUA_173;DIABATÉ KADER;Yamoussoukro;Bouna;Cour-commune;19;2;11;0;14
IUA_174;ADJOUMANI LUC;Divo;Odienné;Villa;20;15;13;10;3
IUA_175;ADJOUMANI AMINATA;Korhogo;Odienné;Cour-commune;17;1;1;3;5
IUA_176;BAKAYOKO MESSI;Ferkessédougou;Boundiali;Villa;20;8;2;16;17
IUA_177;TANO FELICIA;Agboville;Daloa;Villa;20;5;8;7;11
IUA_178;COULIBALY MICHELLE;Lakota;Séguéla;Chateau;20;19;8;16;15
IUA_179;OUATTARA JULE;Danané;Séguéla;Chateau;16;11;9;13;19
IUA_180;COULIBALY OLIVIER;Yamoussoukro;Lakota;Cour-commune;26;1;11;0;18
IUA_181;AHOUA BARBARA;Tiassalé;Odienné;Villa;17;16;6;14;13
IUA_182;DEMBÉLÉ MATHIEU;Toumodi;Ferkessédougou;Chateau;23;4;17;18;5
IUA_183;BAKAYOKO BRYAN;Ferkessédougou;Tiassalé;Cour-commune;28;7;15;1;14
IUA_184;BAKAYOKO CHRISTINE;Séguéla;Boundiali;Villa;27;2;17;16;3
IUA_185;DEMBÉLÉ ISSOUF;Yamoussoukro;Séguéla;Chateau;26;5;9;19;11
IUA_186;DIABATÉ BRYAN;Tiassalé;Issia;Cour-commune;22;16;1;16;6
IUA_187;KOFFI CASSANDRA;Toumodi;Agboville;Cour-commune;25;5;1;4;7
IUA_188;DIABATÉ JACQUES;Abengourou;Man;Villa;21;12;19;6;4
IUA_189;ADJOUMANI PAUL;Gagnoa;Odienné;Cour-commune;28;7;5;6;7
IUA_190;N’GUESSAN PAUL;Bouna;Issia;Cour-commune;17;1;0;16;10
IUA_191;BAMBA RONALDO;Gagnoa;Yamoussoukro;Cour-commune;16;6;1;8;14
IUA_192;AHOUA LUC;Man;Boundiali;Villa;28;2;19;9;12
IUA_193;ZOUMANA ISABELLE;Issia;Korhogo;Villa;21;0;12;19;18
IUA_194;KOFFI LAMINE;Agboville;Toumodi;Villa;22;1;4;3;13
IUA_195;DJEDJE MATHIEU;Yamoussoukro;Agboville;Cour-commune;20;18;0;3;5
IUA_196;DIABATÉ IDRISS;Yamoussoukro;Bouna;Cour-commune;24;14;15;0;3
IUA_197;FOFANA CASSANDRA;Issia;Man;Cour-commune;27;2;3;1;6
IUA_198;AHOUA CHRISTINE;Tiassalé;Agboville;Chateau;23;18;11;16;8
IUA_199;COULIBALY KEVIN;Korhogo;Tiassalé;Cour-commune;27;12;10;7;1
IUA_200;AKA KADER;Korhogo;Agnibilékrou;Villa;28;8;12;10;10
IUA_201;GNAMBA DIDIER;Abidjan;Bouna;Cour-commune;20;8;10;10;7
IUA_202;AHOUA KEVIN;Toumodi;Agboville;Chateau;17;17;17;8;17
IUA_203;YAO ANDREA;Soubré;Agnibilékrou;Villa;20;8;7;1;15
IUA_204;ADJOUMANI OLIVIER;Korhogo;Man;Cour-commune;27;12;11;3;12
IUA_205;GOUHO MELISSA;Man;Agboville;Chateau;29;18;8;18;12
IUA_206;OUATTARA ADAM;Soubré;Bondoukou;Chateau;24;15;13;17;10
IUA_207;KONAN MICHELLE;Séguéla;Divo;Villa;17;10;5;7;0
IUA_208;KOUAKOU ADAM;San-Pédro;Agboville;Villa;16;3;10;15;13
IUA_209;COULIBALY AMINATA;Agnibilékrou;Bondoukou;Cour-commune;17;11;4;6;7
IUA_210;GON DONALD;Bouna;Korhogo;Cour-commune;17;18;2;3;15
IUA_211;BERTHÉ MARC;Abengourou;Ferkessédougou;Villa;16;13;16;19;2
IUA_212;SORO BRYAN;Bondoukou;Ferkessédougou;Chateau;29;15;7;9;13
IUA_213;YAO AMINATA;San-Pédro;Séguéla;Chateau;25;6;10;9;19
IUA_214;BERTHÉ BARBARA;Abidjan;Mankono;Chateau;27;11;15;10;8
IUA_215;BERTHÉ JEAN;Soubré;Bondoukou;Villa;20;14;5;18;6
IUA_216;KOFFI MATHIEU;Soubré;Bouaké;Villa;29;4;3;14;1
IUA_217;KOUAKOU CHRISTINE;Abengourou;Agnibilékrou;Villa;25;1;18;11;19
IUA_218;CISSÉ MATHIEU;Lakota;Bouna;Cour-commune;24;3;14;11;3
IUA_219;DJEDJE FELICIA;Soubré;Toumodi;Villa;27;6;14;4;0
IUA_220;GNAMBA PAUL;Gagnoa;Bondoukou;Villa;18;12;13;6;16
IUA_221;KOFFI JEAN;Séguéla;Ferkessédougou;Cour-commune;26;12;6;7;10
IUA_222;DIAKITÉ JUSTIN;Séguéla;Man;Villa;16;13;17;13;6
IUA_223;DIABATÉ CARLOS;Agboville;Agboville;Villa;23;18;0;19;6
IUA_224;ZOUMANA JACQUES;Toumodi;Bouna;Cour-commune;29;5;14;9;6
IUA_225;TOURÉ DONALD;Séguéla;Soubré;Cour-commune;17;14;0;0;2
IUA_226;ZOUMANA CARLOS;Korhogo;Mankono;Cour-commune;17;9;3;11;16
IUA_227;ZOUMANA MESSI;Abengourou;Gagnoa;Cour-commune;24;7;9;17;1
IUA_228;N’GUESSAN DIDIER;Bouna;Toumodi;Cour-commune;27;16;7;8;8
IUA_229;AKA MICHELLE;Divo;Agboville;Cour-commune;19;14;1;18;1
IUA_230;TANO CARLOS;Korhogo;Mankono;Cour-commune;18;7;4;1;5
IUA_231;N’GUESSAN RONALDO;Issia;Agnibilékrou;Villa;21;12;12;12;4
IUA_232;BAMBA JOHN;Danané;Korhogo;Villa;17;3;14;17;13
IUA_233;BAKAYOKO DIDIER;San-Pédro;Divo;Cour-commune;26;8;18;1;6
IUA_234;TANO DONALD;Toumodi;Bouna;Cour-commune;16;9;7;5;2
IUA_235;KONATÉ FELICIA;Agboville;Tiassalé;Villa;25;12;11;3;15
IUA_236;ZOUMANA LISA;Abengourou;Bouna;Chateau;16;16;9;19;17
IUA_237;DEMBÉLÉ IDRISS;Agboville;Ferkessédougou;Cour-commune;27;12;6;8;8
IUA_238;N’GUESSAN DIDIER;Danané;Gagnoa;Cour-commune;24;19;7;7;1
IUA_239;KOUAKOU ALEXANDRE;Issia;Séguéla;Cour-commune;21;15;0;10;1
IUA_240;KOUAKOU CHRISTINE;Ferkessédougou;Issia;Cour-commune;23;6;6;17;4
IUA_241;BAMBA ABDEL;Danané;Lakota;Cour-commune;26;2;4;12;11
IUA_242;KOUADIO OUMAR;Bondoukou;Abengourou;Villa;24;9;17;6;9
IUA_243;ZOUMANA LAMINE;Tiassalé;Séguéla;Chateau;23;16;13;12;19
IUA_244;GON MOHAMED;San-Pédro;San-Pédro;Cour-commune;20;5;19;6;2
IUA_245;KOUAKOU ADAM;Lakota;Yamoussoukro;Cour-commune;19;13;16;0;4
IUA_246;BAMBA ALEXANDRE;Abengourou;Lakota;Cour-commune;16;1;9;5;19
IUA_247;ZOUMANA LAMINE;Soubré;Mankono;Cour-commune;22;10;0;14;7
IUA_248;GNAMBA CASSANDRA;Daloa;Abengourou;Chateau;26;16;4;13;11
IUA_249;FOFANA JOHN;Danané;Soubré;Cour-commune;25;10;5;0;1
IUA_250;BAKAYOKO JUSTIN;Bouaké;Tiassalé;Cour-commune;21;10;7;9;13
IUA_251;SORO LAMINE;Abidjan;Bouna;Cour-commune;19;0;7;4;9
IUA_252;BERTHÉ DIDIER;Agnibilékrou;Bouaké;Cour-commune;25;0;0;2;17
IUA_253;BAMBA DONALD;Ferkessédougou;Agboville;Cour-commune;20;2;19;4;3
IUA_254;TRAORÉ ANDREA;Boundiali;Danané;Cour-commune;21;3;7;14;11
IUA_255;KOUADIO MESSI;Séguéla;Daloa;Cour-commune;17;5;1;8;5
IUA_256;CISSÉ PAUL;Bondoukou;Divo;Cour-commune;27;5;11;0;19
IUA_257;N’GUESSAN ANGELA;Mankono;Issia;Cour-commune;16;0;19;0;13
IUA_258;TANO RONALDO;Agboville;Yamoussoukro;Cour-commune;17;4;4;11;14
IUA_259;N’GUESSAN ABOU;Mankono;Odienné;Chateau;23;18;18;3;14
IUA_260;COULIBALY JACQUES;Danané;Boundiali;Cour-commune;18;12;9;12;2
IUA_261;GNAMBA ERIC;Divo;Toumodi;Villa;20;15;2;7;16
IUA_262;KOFFI MICHELLE;Bouaké;Lakota;Chateau;17;15;12;19;9
IUA_263;ZOUMANA BARBARA;Bondoukou;San-Pédro;Cour-commune;29;1;7;7;10
IUA_264;TRAORÉ ADAM;Abengourou;Agboville;Villa;25;18;2;10;10
IUA_265;BAMBA ABOU;Issia;Ferkessédougou;Villa;29;17;3;13;17
IUA_266;GNAMBA IDRISS;Toumodi;Boundiali;Cour-commune;16;11;3;11;9
IUA_267;BAKAYOKO MELISSA;Ferkessédougou;Tiassalé;Cour-commune;27;13;1;6;16
IUA_268;AKA BARBARA;Abengourou;Agnibilékrou;Cour-commune;25;1;11;14;5
IUA_269;GNAMBA ISABELLE;Ferkessédougou;Mankono;Chateau;27;17;18;7;13
IUA_270;GON LAMINE;Divo;Abengourou;Cour-commune;29;14;7;3;4
IUA_271;BERTHÉ JOHN;Korhogo;Abidjan;Cour-commune;24;15;7;1;14
IUA_272;KONATÉ DONALD;Agnibilékrou;Danané;Chateau;18;17;19;12;8
IUA_273;BAKAYOKO ALEXANDRE;Agboville;Yamoussoukro;Cour-commune;17;19;3;2;8
IUA_274;BAMBA BARBARA;Bouaké;Danané;Villa;28;12;6;6;0
IUA_275;DIAKITÉ AMINATA;Boundiali;Danané;Cour-commune;18;2;9;14;13
IUA_276;DIAKITÉ BRYAN;Daloa;Bouaké;Cour-commune;25;10;4;6;0
IUA_277;CISSÉ LAMINE;Bondoukou;Toumodi;Cour-commune;28;13;15;2;8
IUA_278;KOFFI DAVID;Boundiali;Danané;Cour-commune;28;4;11;2;11
IUA_279;KOFFI MARC;Agboville;Daloa;Cour-commune;18;15;7;16;7
IUA_280;N’GUESSAN RONALDO;Abengourou;Korhogo;Chateau;29;4;15;19;8
IUA_281;SORO LAMINE;Bouna;Abengourou;Villa;18;17;5;18;3
IUA_282;ADJOUMANI OLIVIER;Séguéla;Issia;Villa;24;14;8;0;0
IUA_283;ADJOUMANI ISABELLE;Toumodi;Séguéla;Villa;17;0;6;12;6
IUA_284;DIAKITÉ ISSOUF;Gagnoa;Odienné;Cour-commune;20;12;7;11;1
IUA_285;DJEDJE ANDREA;Yamoussoukro;San-Pédro;Villa;27;10;15;8;10
IUA_286;DJEDJE CHRISTINE;Daloa;Boundiali;Cour-commune;16;9;1;9;10
IUA_287;CISSÉ CARLOS;Bouna;San-Pédro;Cour-commune;20;12;5;6;16
IUA_288;KOUAKOU TANYA;Abengourou;Agnibilékrou;Chateau;21;18;18;18;13
IUA_289;BAKAYOKO AMINATA;Abengourou;Bouna;Cour-commune;23;16;9;12;8
IUA_290;GOUHO ERIC;Issia;Danané;Cour-commune;20;8;11;3;3
IUA_291;GON CASSANDRA;Mankono;Agboville;Chateau;23;15;17;12;16
IUA_292;KOUAKOU IDRISS;Gagnoa;Lakota;Cour-commune;18;1;0;16;16
IUA_293;BAKAYOKO ABDEL;Soubré;Lakota;Villa;21;15;19;4;12
IUA_294;AHOUA ISABELLE;Danané;Toumodi;Cour-commune;18;18;5;10;0
IUA_295;BAMBA JEAN;Man;Mankono;Cour-commune;20;4;14;1;15
IUA_296;GOUHO JEAN;Bouna;Odienné;Villa;18;18;4;13;16
IUA_297;BAMBA FELICIA;Divo;Bouaké;Cour-commune;26;6;3;9;7
IUA_298;BERTHÉ MELISSA;Bondoukou;Man;Villa;20;5;10;6;0
IUA_299;DJEDJE MELISSA;Abidjan;Mankono;Villa;19;12;10;1;18
IUA_300;KOUAKOU JUSTIN;Boundiali;Soubré;Cour-commune;18;16;9;7;7
IUA_301;TOURÉ DIDIER;Agnibilékrou;Abengourou;Villa;25;12;11;2;18
IUA_302;BAMBA MESSI;Agboville;Agnibilékrou;Cour-commune;24;3;7;19;1
IUA_303;KONAN MESSI;Boundiali;Lakota;Cour-commune;18;14;15;7;1
IUA_304;AKA DAVID;Bouaké;Issia;Cour-commune;17;5;5;0;7
IUA_305;N’GUESSAN LAMINE;Bondoukou;Gagnoa;Cour-commune;22;14;1;17;3
IUA_306;GON LUC;Man;Agboville;Cour-commune;25;10;12;5;8
IUA_307;BERTHÉ ANGELA;Danané;Gagnoa;Villa;19;19;8;2;11
IUA_308;BERTHÉ ISSOUF;Bouaké;Lakota;Villa;18;6;19;5;13
IUA_309;DIAKITÉ TANYA;Agnibilékrou;Korhogo;Cour-commune;17;3;1;10;16
IUA_310;YAO ANGELA;Ferkessédougou;Bondoukou;Cour-commune;26;9;17;5;0
IUA_311;OUATTARA LISA;Bondoukou;Boundiali;Villa;19;9;10;14;14
IUA_312;N’GUESSAN DONALD;Daloa;Agboville;Villa;23;19;16;8;12
IUA_313;KOUAKOU CASSANDRA;Séguéla;Korhogo;Villa;26;11;17;12;0
IUA_314;GOUHO MOHAMED;Mankono;Tiassalé;Villa;18;8;12;2;18
IUA_315;SORO ERIC;Man;Mankono;Villa;19;17;7;18;6
IUA_316;FOFANA LUC;Soubré;Man;Chateau;28;6;14;15;17
IUA_317;GOUHO AMINATA;San-Pédro;Abengourou;Cour-commune;19;16;3;3;1
IUA_318;BAMBA ABOU;San-Pédro;Yamoussoukro;Villa;20;18;18;0;6
IUA_319;KOFFI MARC;Toumodi;Abengourou;Cour-commune;23;11;8;10;5
IUA_320;DIABATÉ JOHN;Man;Bouaké;Cour-commune;19;2;10;19;1
IUA_321;KONAN CARLOS;Agnibilékrou;Agnibilékrou;Villa;20;13;12;7;16
IUA_322;FOFANA JACQUES;Man;Abidjan;Cour-commune;22;8;1;2;17
IUA_323;AHOUA KADER;Issia;Korhogo;Cour-commune;26;8;0;14;12
IUA_324;KOFFI DONALD;Soubré;Boundiali;Chateau;21;15;11;19;13
IUA_325;TOURÉ ABDEL;Gagnoa;Daloa;Chateau;21;18;13;18;18
IUA_326;KOUAKOU DONALD;Danané;Bouna;Cour-commune;20;14;1;14;4
IUA_327;KONAN ADAM;Lakota;Ferkessédougou;Cour-commune;20;1;1;14;0
IUA_328;AHOUA ERIC;Divo;Daloa;Cour-commune;22;16;7;8;5
IUA_329;BAMBA ANDREA;Agboville;Tiassalé;Villa;19;5;5;12;18
IUA_330;BAKAYOKO MARC;Abengourou;Bondoukou;Cour-commune;25;9;16;11;1
IUA_331;GOUHO RONALDO;Tiassalé;Gagnoa;Chateau;18;18;14;4;10
IUA_332;DIABATÉ OLIVIER;Tiassalé;Gagnoa;Villa;16;17;2;14;16
IUA_333;KOUADIO CARLOS;Odienné;Bouaké;Cour-commune;23;4;7;12;0
IUA_334;KONATÉ CARLOS;Lakota;Bouaké;Chateau;26;19;18;4;13
IUA_335;CISSÉ ABDEL;Bondoukou;Boundiali;Villa;28;4;5;15;16
IUA_336;KOFFI ADAM;Odienné;Danané;Chateau;21;12;15;15;10
IUA_337;OUATTARA OUMAR;Bouaké;Korhogo;Cour-commune;17;13;6;7;0
IUA_338;DJEDJE TANYA;Mankono;Odienné;Villa;28;3;14;16;16
IUA_339;GNAMBA MELISSA;Boundiali;Odienné;Chateau;26;7;18;16;12
IUA_340;GNAMBA ISSOUF;Boundiali;Divo;Villa;28;7;12;3;18
IUA_341;AKA CASSANDRA;Agnibilékrou;Bondoukou;Cour-commune;19;17;1;13;14
IUA_342;YAO MESSI;Bouna;Toumodi;Chateau;26;11;9;7;16
IUA_343;BAMBA DIDIER;Toumodi;Agboville;Cour-commune;18;3;11;18;0
IUA_344;DIABATÉ ABDEL;Issia;Mankono;Villa;17;4;0;12;6
IUA_345;GON JUSTIN;Mankono;Agnibilékrou;Cour-commune;21;9;4;1;16
IUA_346;ADJOUMANI CHRISTINE;Abidjan;Abidjan;Chateau;16;16;6;14;10
IUA_347;DJEDJE RONALDO;Bondoukou;Gagnoa;Villa;20;12;12;15;9
IUA_348;AKA OLIVIER;Agboville;Issia;Chateau;21;18;5;16;14
IUA_349;COULIBALY ADAM;Man;Odienné;Villa;28;4;17;6;14
IUA_350;KONATÉ MESSI;Mankono;Abidjan;Chateau;25;17;2;16;19
IUA_351;BAKAYOKO FELICIA;Tiassalé;San-Pédro;Cour-commune;25;7;10;17;5
IUA_352;DIABATÉ BRYAN;Boundiali;Abengourou;Villa;19;4;5;7;5
IUA_353;GOUHO DONALD;Ferkessédougou;Ferkessédougou;Chateau;20;14;12;17;15
IUA_354;COULIBALY TANYA;Man;Soubré;Villa;25;18;13;9;8
IUA_355;OUATTARA MELISSA;Danané;Bondoukou;Chateau;22;15;13;13;19
IUA_356;TANO JEAN;Séguéla;Bouaké;Cour-commune;29;5;12;11;3
IUA_357;N’GUESSAN BRYAN;Tiassalé;Divo;Cour-commune;23;11;5;12;0
IUA_358;GOUHO OUMAR;Yamoussoukro;Ferkessédougou;Villa;25;9;1;5;7
IUA_359;TOURÉ OLIVIER;Séguéla;Gagnoa;Cour-commune;27;9;9;9;1
IUA_360;TOURÉ ANGELA;Bouaké;Divo;Villa;18;6;17;0;19
IUA_361;DEMBÉLÉ ABOU;Korhogo;Issia;Villa;25;16;4;6;17
IUA_362;AKA JOHN;Tiassalé;San-Pédro;Villa;20;3;7;3;11
IUA_363;GNAMBA ERIC;Soubré;Mankono;Cour-commune;28;13;6;2;13
IUA_364;BAMBA JEAN;San-Pédro;San-Pédro;Cour-commune;18;5;3;4;8
IUA_365;AKA LISA;Issia;Agboville;Cour-commune;25;12;5;6;5
IUA_366;FOFANA LUC;San-Pédro;Issia;Villa;18;19;17;1;19
IUA_367;ZOUMANA DAVID;Gagnoa;Bouna;Cour-commune;23;9;4;12;1
IUA_368;DIABATÉ ERIC;Danané;Danané;Villa;19;18;10;1;12
IUA_369;TOURÉ MELISSA;Lakota;Yamoussoukro;Cour-commune;25;17;0;14;7
IUA_370;KOFFI CARLOS;Séguéla;Odienné;Cour-commune;24;15;10;1;6
IUA_371;GOUHO MOHAMED;Man;Lakota;Villa;26;8;13;3;17
IUA_372;DEMBÉLÉ JULE;Issia;Daloa;Villa;16;14;2;5;3
IUA_373;BAMBA CARLOS;Yamoussoukro;Man;Cour-commune;20;1;18;8;4
IUA_374;AKA ABDEL;Mankono;Korhogo;Villa;27;11;11;18;11
IUA_375;FOFANA MICHELLE;Gagnoa;Agnibilékrou;Villa;24;15;19;18;4
IUA_376;KONAN OLIVIER;Tiassalé;Divo;Cour-commune;29;7;3;3;4
IUA_377;N’GUESSAN RONALDO;Boundiali;Agnibilékrou;Chateau;19;18;19;5;17
IUA_378;GOUHO ABDEL;Daloa;Man;Villa;25;17;8;7;11
IUA_379;DEMBÉLÉ OUMAR;Danané;Bouna;Villa;21;9;4;10;17
IUA_380;KOUADIO JOHN;Agboville;Ferkessédougou;Chateau;29;7;16;10;11
IUA_381;TANO FELICIA;Boundiali;Boundiali;Chateau;16;17;18;6;16
IUA_382;DIABATÉ BARBARA;Boundiali;Bouaké;Cour-commune;22;14;13;6;5
IUA_383;GON MICHELLE;Mankono;Mankono;Villa;20;9;3;7;5
IUA_384;YAO MESSI;Man;Soubré;Chateau;16;16;17;11;0
IUA_385;BAMBA MOHAMED;Abengourou;Toumodi;Cour-commune;26;17;4;0;8
IUA_386;CISSÉ ANDREA;Mankono;Odienné;Villa;28;9;15;13;13
IUA_387;KOFFI LISA;Boundiali;Boundiali;Villa;19;10;11;8;15
IUA_388;BAKAYOKO AMINATA;Soubré;Boundiali;Cour-commune;18;7;3;8;18
IUA_389;DEMBÉLÉ BARBARA;Divo;Abidjan;Cour-commune;18;18;13;5;2
IUA_390;AKA FELICIA;Korhogo;Bondoukou;Cour-commune;18;3;0;11;17
IUA_391;TANO CASSANDRA;Lakota;Abidjan;Villa;17;7;13;17;10
IUA_392;DIAKITÉ LISA;Séguéla;Soubré;Villa;28;11;16;11;18
IUA_393;CISSÉ ABDEL;Bouaké;Boundiali;Cour-commune;16;3;18;9;3
IUA_394;GNAMBA JOHN;Divo;Gagnoa;Cour-commune;29;16;9;5;4
IUA_395;BAMBA JEAN;Divo;Boundiali;Cour-commune;18;2;3;14;18
IUA_396;BERTHÉ LUC;Issia;Bouna;Cour-commune;27;11;16;1;9
IUA_397;OUATTARA ALEXANDRE;Bondoukou;Mankono;Cour-commune;16;4;6;0;3
IUA_398;DIABATÉ RONALDO;Issia;Yamoussoukro;Villa;16;16;10;13;16
IUA_399;AKA BARBARA;Daloa;Soubré;Cour-commune;19;17;7;14;7
IUA_400;BERTHÉ ABDEL;Abidjan;Lakota;Chateau;19;16;18;18;19
IUA_401;DEMBÉLÉ JACQUES;San-Pédro;Toumodi;Cour-commune;22;14;6;5;8
IUA_402;FOFANA ANDREA;Bouna;Bouna;Villa;19;13;1;8;19
IUA_403;BAMBA CASSANDRA;Issia;Agnibilékrou;Villa;21;6;12;17;7
IUA_404;TRAORÉ LISA;Lakota;Bouna;Cour-commune;17;17;1;2;0
IUA_405;N’GUESSAN JOHN;Abidjan;Korhogo;Cour-commune;24;4;1;13;8
IUA_406;AHOUA BRYAN;Daloa;Gagnoa;Cour-commune;22;10;8;16;5
IUA_407;KOFFI IDRISS;Divo;Divo;Villa;28;18;7;18;8
IUA_408;KONATÉ ANDREA;Daloa;Toumodi;Chateau;16;19;5;19;15
IUA_409;DIABATÉ ALEXANDRE;Agboville;San-Pédro;Villa;28;6;6;11;19
IUA_410;COULIBALY DAVID;Bondoukou;Abidjan;Cour-commune;22;6;3;15;10
IUA_411;SORO AMINATA;Bouaké;Abidjan;Cour-commune;26;1;7;12;3
IUA_412;CISSÉ CASSANDRA;Issia;Danané;Cour-commune;24;11;6;0;15
IUA_413;FOFANA CARLOS;Abengourou;Agboville;Cour-commune;22;11;0;3;9
IUA_414;DIAKITÉ MICHELLE;Tiassalé;Issia;Chateau;18;14;13;13;6
IUA_415;CISSÉ JEAN;Mankono;Korhogo;Cour-commune;18;16;11;0;12
IUA_416;TOURÉ CARLOS;Odienné;Soubré;Villa;26;10;13;14;10
IUA_417;TANO KEVIN;Yamoussoukro;Abidjan;Villa;20;19;18;1;5
IUA_418;ZOUMANA RONALDO;Daloa;Lakota;Villa;29;3;12;11;18
IUA_419;ZOUMANA RONALDO;Abidjan;Divo;Villa;25;6;4;0;12
IUA_420;FOFANA FELICIA;Korhogo;Toumodi;Cour-commune;21;15;4;7;19
IUA_421;ZOUMANA ADAM;Abidjan;Abidjan;Villa;24;6;10;10;16
IUA_422;BAMBA LUC;Séguéla;Boundiali;Villa;22;5;14;13;19
IUA_423;SORO CASSANDRA;Soubré;Korhogo;Cour-commune;16;3;2;3;18
IUA_424;FOFANA CARLOS;Séguéla;Korhogo;Cour-commune;19;14;3;12;2
IUA_425;N’GUESSAN LUC;Soubré;Korhogo;Cour-commune;23;16;1;12;7
IUA_426;SORO KEVIN;Abidjan;Bouna;Cour-commune;18;14;16;0;1
IUA_427;DEMBÉLÉ PAUL;Ferkessédougou;Odienné;Cour-commune;22;2;3;12;13
IUA_428;BAMBA OLIVIER;Ferkessédougou;Gagnoa;Chateau;25;10;17;15;18
IUA_429;GON PAUL;Toumodi;Séguéla;Villa;20;9;11;18;17
IUA_430;KOUADIO DONALD;Abengourou;San-Pédro;Cour-commune;16;8;9;8;1
IUA_431;YAO TANYA;Man;Danané;Cour-commune;20;9;2;5;14
IUA_432;TRAORÉ ISABELLE;Man;Bouna;Chateau;23;16;16;18;10
IUA_433;KOUAKOU JULE;Yamoussoukro;Tiassalé;Villa;24;5;4;12;1
IUA_434;DEMBÉLÉ LAMINE;Tiassalé;Soubré;Cour-commune;26;14;2;0;10
IUA_435;DEMBÉLÉ JACQUES;Korhogo;Abengourou;Villa;24;13;8;19;4
IUA_436;ADJOUMANI MATHIEU;Odienné;Korhogo;Cour-commune;26;9;2;0;6
IUA_437;FOFANA IDRISS;Agboville;Korhogo;Cour-commune;18;9;1;1;1
IUA_438;N’GUESSAN ALEXANDRE;Korhogo;Yamoussoukro;Chateau;19;18;17;7;11
IUA_439;KOFFI MESSI;Korhogo;Man;Cour-commune;17;15;15;15;0
IUA_440;COULIBALY JOHN;Korhogo;Bouaké;Cour-commune;21;5;12;13;4
IUA_441;GON MOHAMED;Bouna;Soubré;Cour-commune;24;12;2;13;4
IUA_442;KONAN LUC;Lakota;Agnibilékrou;Cour-commune;24;0;10;17;2
IUA_443;SORO DIDIER;Odienné;Korhogo;Villa;26;19;11;7;5
IUA_444;KOFFI PAUL;Bouaké;Danané;Cour-commune;25;1;7;10;15
IUA_445;KOUAKOU MESSI;Abengourou;Agboville;Cour-commune;23;7;7;15;8
IUA_446;ADJOUMANI MATHIEU;Bouna;Korhogo;Cour-commune;21;17;3;12;3
IUA_447;OUATTARA CASSANDRA;Issia;Séguéla;Cour-commune;24;2;14;0;4
IUA_448;DEMBÉLÉ ANGELA;Divo;Boundiali;Villa;29;19;17;8;3
IUA_449;OUATTARA AMINATA;Gagnoa;Abengourou;Cour-commune;16;17;1;15;2
IUA_450;AKA TANYA;Danané;Agnibilékrou;Villa;27;13;9;3;18
IUA_451;KOUADIO ISABELLE;Bondoukou;Korhogo;Cour-commune;18;3;6;11;12
IUA_452;BAMBA CASSANDRA;Mankono;Man;Cour-commune;21;11;18;1;1
IUA_453;FOFANA DONALD;Lakota;Daloa;Villa;22;18;18;3;1
IUA_454;OUATTARA ABOU;Séguéla;Ferkessédougou;Cour-commune;29;1;2;18;4
IUA_455;KOUADIO BRYAN;Agboville;Bouaké;Cour-commune;25;9;3;3;4
IUA_456;DEMBÉLÉ MATHIEU;Daloa;Gagnoa;Cour-commune;29;14;13;5;5
IUA_457;TRAORÉ ERIC;Ferkessédougou;Tiassalé;Chateau;28;10;16;17;14
IUA_458;DJEDJE BRYAN;Danané;Bouna;Villa;17;3;12;15;19
IUA_459;BERTHÉ ANGELA;Mankono;Gagnoa;Cour-commune;21;7;8;4;18
IUA_460;GON BARBARA;Lakota;Danané;Villa;29;14;9;19;7
IUA_461;DIAKITÉ BRYAN;Agnibilékrou;Bondoukou;Chateau;26;15;19;15;10
IUA_462;AHOUA JUSTIN;Boundiali;Séguéla;Cour-commune;21;5;3;8;3
IUA_463;GNAMBA BRYAN;Soubré;Tiassalé;Cour-commune;27;9;1;18;4
IUA_464;TOURÉ JULE;Gagnoa;Korhogo;Villa;23;12;2;14;16
IUA_465;GNAMBA LUC;Tiassalé;Danané;Cour-commune;29;8;5;6;10
IUA_466;KONATÉ OUMAR;San-Pédro;Toumodi;Cour-commune;16;10;7;4;15
IUA_467;KOFFI FELICIA;Soubré;Bondoukou;Cour-commune;26;4;13;8;1
IUA_468;BAMBA KADER;Korhogo;Agboville;Villa;23;15;13;13;8
IUA_469;KONATÉ MELISSA;Soubré;Divo;Cour-commune;16;4;3;0;0
IUA_470;TRAORÉ ISABELLE;Issia;San-Pédro;Cour-commune;23;4;4;15;6
IUA_471;KOUADIO JUSTIN;Gagnoa;San-Pédro;Cour-commune;19;19;5;2;9
IUA_472;OUATTARA LUC;Tiassalé;Agboville;Villa;25;16;9;6;13
IUA_473;KOUAKOU ANDREA;Agboville;Toumodi;Villa;22;11;12;11;13
IUA_474;TANO DAVID;Ferkessédougou;Gagnoa;Villa;28;13;10;2;19
IUA_475;AHOUA JEAN;Mankono;Toumodi;Villa;16;17;9;8;17
IUA_476;YAO CHRISTINE;Agnibilékrou;Divo;Villa;27;8;1;12;1
IUA_477;GOUHO ISSOUF;Bouna;Korhogo;Cour-commune;18;0;2;9;17
IUA_478;CISSÉ ABOU;Mankono;Abidjan;Villa;26;17;5;10;11
IUA_479;N’GUESSAN LAMINE;Soubré;Toumodi;Villa;16;16;17;7;9
IUA_480;GOUHO ALEXANDRE;Bouna;San-Pédro;Cour-commune;29;17;14;2;3
IUA_481;TANO MOHAMED;Issia;Issia;Chateau;22;15;19;11;7
IUA_482;BERTHÉ MARC;Toumodi;Korhogo;Chateau;26;19;13;15;15
IUA_483;GON JACQUES;Bouaké;Agboville;Cour-commune;28;13;4;12;9
IUA_484;DEMBÉLÉ IDRISS;Mankono;Man;Villa;22;18;16;7;1
IUA_485;DIAKITÉ AMINATA;Toumodi;Bouaké;Cour-commune;19;5;2;11;7
IUA_486;KOFFI JULE;Ferkessédougou;Tiassalé;Cour-commune;23;9;0;3;3
IUA_487;BAKAYOKO ERIC;Man;Danané;Cour-commune;16;10;3;2;8
IUA_488;DJEDJE RONALDO;Odienné;Agboville;Villa;26;8;19;18;2
IUA_489;GON BRYAN;Gagnoa;Abengourou;Chateau;19;8;15;19;16
IUA_490;CISSÉ CARLOS;Gagnoa;Bouaké;Cour-commune;16;10;17;10;2
IUA_491;SORO MELISSA;Man;Abengourou;Cour-commune;24;0;1;3;10
IUA_492;OUATTARA OUMAR;Daloa;Abidjan;Cour-commune;16;12;14;16;3
IUA_493;KONAN ABOU;Daloa;Tiassalé;Cour-commune;24;12;2;6;13
IUA_494;TANO MELISSA;Gagnoa;Man;Cour-commune;24;4;7;15;1
IUA_495;DEMBÉLÉ OLIVIER;Bouna;Abidjan;Cour-commune;18;0;9;17;5
IUA_496;GON BRYAN;Divo;Yamoussoukro;Cour-commune;24;6;6;4;12
IUA_497;TRAORÉ CASSANDRA;Ferkessédougou;Abengourou;Cour-commune;19;9;11;6;9
IUA_498;DJEDJE MATHIEU;Bondoukou;Daloa;Villa;24;11;18;19;2
IUA_499;KOUAKOU OUMAR;Ferkessédougou;Daloa;Villa;24;4;11;15;13
IUA_500;ADJOUMANI IDRISS;San-Pédro;Lakota;Cour-commune;24;6;2;16;12
IUA_501;ADJOUMANI FELICIA;Divo;Issia;Villa;26;6;19;7;10
IUA_502;DEMBÉLÉ AMINATA;Abengourou;Lakota;Cour-commune;17;3;17;19;0
IUA_503;OUATTARA CASSANDRA;Mankono;Gagnoa;Villa;22;7;9;2;4
IUA_504;GON ABDEL;Toumodi;Abidjan;Chateau;24;7;12;17;16
IUA_505;TOURÉ ALEXANDRE;Korhogo;Danané;Cour-commune;27;8;13;4;0
IUA_506;GON ANGELA;Danané;Bouaké;Cour-commune;17;2;0;2;0
IUA_507;DIABATÉ MESSI;Bouaké;San-Pédro;Villa;20;3;3;8;10
IUA_508;KOUAKOU KEVIN;Korhogo;Abidjan;Cour-commune;20;12;6;2;12
IUA_509;COULIBALY BRYAN;Boundiali;Ferkessédougou;Villa;22;5;0;17;0
IUA_510;SORO ANGELA;Bouna;Séguéla;Villa;18;17;8;12;14
IUA_511;AHOUA CHRISTINE;Gagnoa;Yamoussoukro;Cour-commune;24;8;3;2;16
IUA_512;OUATTARA MARC;Korhogo;Toumodi;Chateau;22;4;16;12;15
IUA_513;N’GUESSAN CARLOS;Daloa;Soubré;Cour-commune;25;13;16;6;3
IUA_514;KOUAKOU CHRISTINE;Boundiali;Abidjan;Chateau;26;16;14;16;7
IUA_515;KOUAKOU BRYAN;Daloa;Yamoussoukro;Villa;21;18;10;7;15
IUA_516;DIAKITÉ ERIC;Agboville;Soubré;Villa;29;18;14;14;2
IUA_517;DIAKITÉ JACQUES;Agnibilékrou;Korhogo;Cour-commune;28;8;16;5;1
IUA_518;TRAORÉ ANGELA;Danané;Daloa;Cour-commune;24;3;5;5;5
IUA_519;AHOUA KADER;Bouaké;Bondoukou;Chateau;27;11;17;8;19
IUA_520;KONAN AMINATA;Soubré;Daloa;Chateau;29;15;17;5;9
IUA_521;TANO JACQUES;Issia;Danané;Chateau;21;17;8;17;19
IUA_522;GON PAUL;Ferkessédougou;Toumodi;Chateau;25;7;17;7;16
IUA_523;ADJOUMANI ABDEL;Toumodi;Divo;Chateau;22;16;10;12;19
IUA_524;DIABATÉ ANDREA;Yamoussoukro;Bouna;Villa;28;17;3;10;10
IUA_525;KONATÉ ABOU;Agnibilékrou;Danané;Cour-commune;28;13;2;0;11
IUA_526;YAO FELICIA;Man;Bondoukou;Cour-commune;25;2;11;10;8
IUA_527;DIAKITÉ BARBARA;Gagnoa;Boundiali;Chateau;19;18;19;1;9
IUA_528;GNAMBA ISSOUF;Issia;Danané;Cour-commune;20;0;10;17;5
IUA_529;BAKAYOKO MICHELLE;Danané;Danané;Chateau;24;17;17;4;8
IUA_530;KONATÉ MARC;Tiassalé;Toumodi;Villa;25;4;13;6;17
IUA_531;BAMBA DONALD;Abidjan;Agnibilékrou;Chateau;21;14;13;15;13
IUA_532;CISSÉ JEAN;Bondoukou;Yamoussoukro;Villa;21;16;12;5;8
IUA_533;SORO MATHIEU;Gagnoa;Daloa;Cour-commune;25;15;6;10;4
IUA_534;SORO JEAN;Issia;Bondoukou;Cour-commune;24;4;5;6;10
IUA_535;COULIBALY LAMINE;San-Pédro;Odienné;Chateau;28;10;13;15;8
IUA_536;N’GUESSAN KEVIN;Abidjan;Daloa;Villa;21;9;1;13;17
IUA_537;KOUAKOU KADER;Korhogo;Man;Cour-commune;23;5;4;0;10
IUA_538;GON ANDREA;Bondoukou;San-Pédro;Cour-commune;16;3;11;7;6
IUA_539;KOUAKOU RONALDO;Boundiali;Séguéla;Cour-commune;18;10;18;3;8
IUA_540;BERTHÉ KEVIN;Toumodi;Séguéla;Chateau;29;14;18;10;15
IUA_541;KONATÉ ANDREA;Boundiali;Bondoukou;Villa;23;11;0;5;6
IUA_542;TOURÉ DONALD;Issia;Gagnoa;Chateau;17;15;19;17;7
IUA_543;DIABATÉ JOHN;Bouna;Tiassalé;Cour-commune;21;12;1;8;2
IUA_544;BAMBA BRYAN;Issia;Danané;Villa;23;10;2;19;17
IUA_545;KOUADIO KADER;Séguéla;Bouaké;Cour-commune;22;10;10;2;16
IUA_546;BERTHÉ FELICIA;Man;Bouna;Villa;22;14;14;4;8
IUA_547;DIABATÉ CARLOS;Gagnoa;Divo;Chateau;17;17;19;0;16
IUA_548;TRAORÉ MESSI;Agboville;Tiassalé;Cour-commune;29;8;0;1;9
IUA_549;YAO JACQUES;Man;Gagnoa;Chateau;28;15;16;11;18
IUA_550;CISSÉ AMINATA;Toumodi;Divo;Chateau;27;13;10;16;18
IUA_551;KONATÉ DONALD;Ferkessédougou;Soubré;Cour-commune;29;12;9;4;5
IUA_552;GNAMBA ABDEL;Danané;Soubré;Cour-commune;29;1;3;0;15
IUA_553;DJEDJE PAUL;Divo;Gagnoa;Cour-commune;26;0;3;10;13
IUA_554;COULIBALY BRYAN;Soubré;Danané;Villa;16;16;4;6;16
IUA_555;COULIBALY DAVID;Abidjan;Bondoukou;Cour-commune;22;2;8;16;7
IUA_556;BAMBA CARLOS;Lakota;Bouna;Cour-commune;22;2;0;19;9
IUA_557;AHOUA CARLOS;Tiassalé;Abidjan;Villa;16;3;11;19;8
IUA_558;OUATTARA RONALDO;Bouna;Man;Villa;17;13;5;17;14
IUA_559;KOUADIO BRYAN;Yamoussoukro;Danané;Cour-commune;25;7;2;11;6
IUA_560;OUATTARA PAUL;Gagnoa;Man;Villa;17;10;10;14;17
IUA_561;BAMBA JULE;Lakota;Gagnoa;Cour-commune;16;6;13;13;1
IUA_562;FOFANA ERIC;Bouaké;Tiassalé;Cour-commune;23;3;8;10;6
IUA_563;DIAKITÉ CASSANDRA;Korhogo;Yamoussoukro;Chateau;28;11;10;15;17
IUA_564;GOUHO KEVIN;Bouaké;Mankono;Villa;21;6;9;8;17
IUA_565;AHOUA ERIC;Gagnoa;Agboville;Cour-commune;23;6;19;9;5
IUA_566;OUATTARA ANDREA;Agnibilékrou;Tiassalé;Villa;17;8;12;2;19
IUA_567;AKA MICHELLE;Toumodi;Danané;Cour-commune;16;17;0;7;7
IUA_568;OUATTARA ISABELLE;Agnibilékrou;Daloa;Cour-commune;27;7;13;14;0
IUA_569;ADJOUMANI ISABELLE;Bondoukou;Gagnoa;Cour-commune;24;4;14;7;6
IUA_570;DEMBÉLÉ DIDIER;Boundiali;Agnibilékrou;Cour-commune;21;19;3;17;6
IUA_571;TANO CARLOS;Divo;San-Pédro;Villa;21;12;16;16;12
IUA_572;KOUADIO IDRISS;Ferkessédougou;Bondoukou;Cour-commune;28;9;10;9;5
IUA_573;DJEDJE ISABELLE;Odienné;Bouna;Chateau;29;13;19;15;6
IUA_574;GNAMBA ALEXANDRE;Bouaké;Lakota;Villa;27;12;12;8;19
IUA_575;KONAN ANDREA;Boundiali;Bouna;Cour-commune;17;17;6;13;2
IUA_576;SORO MESSI;Abidjan;Toumodi;Villa;17;11;9;2;19
IUA_577;KONAN CASSANDRA;Abidjan;Mankono;Chateau;20;17;9;19;16
IUA_578;BAMBA DONALD;Man;Odienné;Chateau;26;19;13;7;18
IUA_579;KOFFI IDRISS;Issia;Toumodi;Villa;21;19;15;1;6
IUA_580;DIABATÉ LISA;Abengourou;Lakota;Cour-commune;18;7;10;10;7
IUA_581;YAO ADAM;Bouaké;Bouaké;Cour-commune;26;14;4;1;13
IUA_582;BAKAYOKO JACQUES;Toumodi;Boundiali;Cour-commune;25;3;17;6;12
IUA_583;DJEDJE ADAM;San-Pédro;Korhogo;Cour-commune;17;7;12;9;11
IUA_584;KOFFI RONALDO;Boundiali;San-Pédro;Chateau;17;18;5;14;10
IUA_585;GON DAVID;Soubré;Danané;Cour-commune;20;17;1;7;4
IUA_586;BAMBA ALEXANDRE;Bondoukou;Soubré;Cour-commune;28;2;7;13;4
IUA_587;GON AMINATA;Issia;Agnibilékrou;Cour-commune;20;2;9;4;13
IUA_588;GON JACQUES;Man;Mankono;Cour-commune;18;10;6;15;4
IUA_589;BERTHÉ ISSOUF;Bouaké;Bouna;Chateau;29;13;13;18;15
IUA_590;GNAMBA OLIVIER;Daloa;Divo;Chateau;24;15;0;13;18
IUA_591;OUATTARA DIDIER;Ferkessédougou;Séguéla;Cour-commune;27;11;18;4;0
IUA_592;TRAORÉ DONALD;Tiassalé;Séguéla;Villa;27;7;9;16;11
IUA_593;YAO ERIC;Bondoukou;Abidjan;Villa;25;5;17;9;13
IUA_594;TOURÉ ERIC;Bouna;Agnibilékrou;Cour-commune;21;8;11;12;14
IUA_595;GOUHO ADAM;Ferkessédougou;Tiassalé;Villa;22;7;6;15;13
IUA_596;TRAORÉ TANYA;Toumodi;Bondoukou;Cour-commune;29;6;16;5;12
IUA_597;OUATTARA LUC;Yamoussoukro;Bouna;Villa;16;12;9;3;17
IUA_598;DJEDJE DIDIER;Ferkessédougou;Odienné;Cour-commune;17;3;14;4;8
IUA_599;KONATÉ MICHELLE;Abengourou;Divo;Villa;20;19;10;9;2
IUA_600;BAKAYOKO IDRISS;Divo;Danané;Chateau;29;17;8;13;14
IUA_601;DIAKITÉ ISABELLE;Agboville;Bouaké;Cour-commune;25;5;6;0;4
IUA_602;COULIBALY LUC;Danané;Abidjan;Chateau;22;18;6;18;4
IUA_603;DEMBÉLÉ ABDEL;Abengourou;Gagnoa;Cour-commune;25;10;6;4;18
IUA_604;BAMBA FELICIA;Divo;Bouna;Chateau;17;17;14;14;18
IUA_605;DIAKITÉ JULE;San-Pédro;Séguéla;Villa;18;1;8;2;13
IUA_606;AKA LISA;Odienné;Danané;Cour-commune;21;5;5;18;18
IUA_607;AKA LAMINE;Mankono;Agnibilékrou;Cour-commune;24;2;0;15;2
IUA_608;TOURÉ CASSANDRA;Soubré;Boundiali;Cour-commune;27;2;19;10;5
IUA_609;DJEDJE ISABELLE;Soubré;Boundiali;Villa;23;15;12;4;10
IUA_610;BERTHÉ DIDIER;Odienné;Séguéla;Cour-commune;26;6;1;16;2
IUA_611;KONATÉ DONALD;Bouaké;Tiassalé;Chateau;29;16;15;19;11
IUA_612;TOURÉ DIDIER;Bouna;Boundiali;Cour-commune;28;1;0;10;19
IUA_613;KONATÉ JOHN;Séguéla;Man;Cour-commune;28;12;9;6;2
IUA_614;KOUADIO IDRISS;Séguéla;Bouaké;Chateau;26;11;15;17;10
IUA_615;DEMBÉLÉ DAVID;Man;Séguéla;Cour-commune;23;11;3;13;1
IUA_616;FOFANA CARLOS;Mankono;Ferkessédougou;Cour-commune;27;11;7;0;1
IUA_617;COULIBALY DAVID;Soubré;Issia;Villa;26;9;4;1;7
IUA_618;AHOUA JULE;Agboville;Bouaké;Cour-commune;17;8;4;7;8
IUA_619;FOFANA ANDREA;Bouna;Korhogo;Cour-commune;28;7;6;2;12
IUA_620;BAMBA ANDREA;Séguéla;Gagnoa;Chateau;28;13;13;13;16
IUA_621;ADJOUMANI CARLOS;Agboville;Mankono;Cour-commune;28;3;11;10;4
IUA_622;KOFFI BARBARA;Abengourou;Korhogo;Chateau;28;0;5;8;12
IUA_623;KOUADIO DONALD;Man;Boundiali;Cour-commune;21;7;4;17;8
IUA_624;GNAMBA ABDEL;Abengourou;Issia;Cour-commune;25;6;5;10;14
IUA_625;TOURÉ CARLOS;Gagnoa;Bouna;Villa;17;13;16;11;4
IUA_626;TOURÉ BRYAN;Lakota;Lakota;Villa;16;13;8;4;17
IUA_627;KONATÉ LUC;Danané;Agboville;Chateau;20;17;14;12;12
IUA_628;AKA JUSTIN;Korhogo;Odienné;Chateau;24;18;3;0;4
IUA_629;DJEDJE KEVIN;Lakota;Tiassalé;Cour-commune;21;5;16;13;12
IUA_630;ZOUMANA OUMAR;Abidjan;Mankono;Chateau;16;12;16;17;17
IUA_631;ADJOUMANI KEVIN;Abengourou;Bouaké;Villa;21;5;4;19;14
IUA_632;GNAMBA ADAM;Lakota;Lakota;Chateau;23;12;11;0;2
IUA_633;TOURÉ AMINATA;Agnibilékrou;Séguéla;Chateau;17;18;19;16;3
IUA_634;TOURÉ DONALD;Man;Bouaké;Cour-commune;17;8;9;1;10
IUA_635;FOFANA ANGELA;Danané;Gagnoa;Cour-commune;17;6;1;4;9
IUA_636;N’GUESSAN AMINATA;Mankono;Séguéla;Cour-commune;22;9;9;4;1
IUA_637;ZOUMANA TANYA;Danané;Issia;Villa;24;16;3;16;13
IUA_638;DEMBÉLÉ ISSOUF;San-Pédro;Boundiali;Cour-commune;24;10;17;3;8
IUA_639;ADJOUMANI ALEXANDRE;Issia;Gagnoa;Cour-commune;25;16;12;8;16
IUA_640;DIABATÉ ERIC;Toumodi;Agboville;Villa;23;6;17;19;9
IUA_641;DIABATÉ MOHAMED;Yamoussoukro;Ferkessédougou;Villa;17;6;2;1;13
IUA_642;CISSÉ LISA;Séguéla;Lakota;Cour-commune;26;9;4;7;8
IUA_643;YAO MELISSA;Abidjan;San-Pédro;Cour-commune;23;10;14;7;14
IUA_644;ZOUMANA JEAN;Danané;Bouna;Cour-commune;23;19;5;1;7
IUA_645;DEMBÉLÉ RONALDO;Daloa;Toumodi;Cour-commune;16;3;13;10;0
IUA_646;FOFANA MATHIEU;Bouaké;Yamoussoukro;Chateau;17;16;19;18;11
IUA_647;GON LUC;Agnibilékrou;Gagnoa;Chateau;23;12;12;1;0
IUA_648;BAMBA RONALDO;Divo;Divo;Cour-commune;24;8;15;2;13
IUA_649;TRAORÉ AMINATA;Korhogo;Lakota;Villa;28;10;8;7;17
IUA_650;AHOUA JOHN;Daloa;Abengourou;Chateau;20;4;6;1;14
IUA_651;GNAMBA JOHN;Ferkessédougou;Bondoukou;Cour-commune;17;10;15;18;9
IUA_652;DIABATÉ CASSANDRA;Yamoussoukro;Mankono;Cour-commune;21;13;8;1;4
IUA_653;N’GUESSAN MICHELLE;Ferkessédougou;Tiassalé;Cour-commune;18;8;3;13;15
IUA_654;AHOUA ERIC;Toumodi;Issia;Cour-commune;19;4;1;7;2
IUA_655;AKA PAUL;Ferkessédougou;Abidjan;Villa;24;7;17;15;1
IUA_656;KONATÉ ISSOUF;Boundiali;Soubré;Villa;29;0;16;11;13
IUA_657;KOUAKOU LAMINE;Abidjan;Bouna;Cour-commune;26;19;1;1;15
IUA_658;KONAN JEAN;Bouna;Man;Chateau;20;17;13;11;18
IUA_659;KOUAKOU JUSTIN;Agboville;Divo;Villa;23;15;7;12;17
IUA_660;TRAORÉ DAVID;Issia;Danané;Chateau;18;17;18;14;12
IUA_661;TANO OLIVIER;Boundiali;Odienné;Cour-commune;16;9;18;3;2
IUA_662;BERTHÉ RONALDO;San-Pédro;Agboville;Cour-commune;23;5;0;14;16
IUA_663;DEMBÉLÉ MICHELLE;Tiassalé;Odienné;Villa;19;16;1;19;13
IUA_664;DIAKITÉ CHRISTINE;Daloa;Boundiali;Villa;27;12;19;3;7
IUA_665;DIABATÉ JULE;Odienné;Korhogo;Chateau;22;14;16;15;17
IUA_666;DIABATÉ FELICIA;Bouna;Séguéla;Cour-commune;25;4;15;2;7
IUA_667;KONATÉ ISSOUF;Séguéla;Bouna;Cour-commune;19;7;9;15;1
IUA_668;SORO JEAN;Danané;Boundiali;Cour-commune;24;5;8;19;4
IUA_669;ZOUMANA KADER;Yamoussoukro;Korhogo;Chateau;24;18;14;10;5
IUA_670;TRAORÉ MESSI;Abidjan;Gagnoa;Cour-commune;27;0;8;8;2
IUA_671;DIAKITÉ OLIVIER;Man;Lakota;Villa;20;6;2;9;7
IUA_672;DJEDJE LAMINE;Bouaké;Abidjan;Cour-commune;16;9;2;14;13
IUA_673;N’GUESSAN BARBARA;Daloa;Danané;Cour-commune;27;7;18;3;7
IUA_674;AHOUA KADER;Lakota;San-Pédro;Cour-commune;27;19;11;1;7
IUA_675;DJEDJE MATHIEU;Bondoukou;Abidjan;Villa;20;19;4;4;13
IUA_676;DJEDJE DAVID;Daloa;Yamoussoukro;Cour-commune;16;19;1;6;11
IUA_677;CISSÉ ERIC;Danané;Bouna;Chateau;18;18;3;4;0
IUA_678;N’GUESSAN DONALD;Ferkessédougou;Bondoukou;Cour-commune;23;3;0;13;4
IUA_679;GOUHO ERIC;Divo;Danané;Cour-commune;18;8;9;11;18
IUA_680;KOUAKOU DIDIER;Agnibilékrou;Toumodi;Cour-commune;28;2;19;7;3
IUA_681;AHOUA OUMAR;Soubré;Gagnoa;Villa;22;19;6;5;14
IUA_682;CISSÉ IDRISS;Yamoussoukro;Bondoukou;Villa;20;14;7;15;4
IUA_683;FOFANA IDRISS;Lakota;Abengourou;Cour-commune;24;13;1;1;13
IUA_684;KOUAKOU JUSTIN;Korhogo;Abengourou;Cour-commune;18;8;1;19;11
IUA_685;DEMBÉLÉ BRYAN;Agboville;Agboville;Cour-commune;16;4;13;17;11
IUA_686;OUATTARA DIDIER;Agnibilékrou;Man;Cour-commune;28;16;0;3;12
IUA_687;DIAKITÉ MESSI;Boundiali;Soubré;Villa;22;6;7;0;8
IUA_688;BAMBA CHRISTINE;Agboville;Man;Villa;22;12;11;6;15
IUA_689;DIABATÉ FELICIA;Séguéla;Issia;Cour-commune;18;3;5;0;0
IUA_690;GNAMBA BRYAN;Korhogo;Agboville;Villa;28;7;18;8;11
IUA_691;CISSÉ OUMAR;Agboville;Gagnoa;Cour-commune;20;17;3;8;2
IUA_692;ZOUMANA OUMAR;Lakota;Séguéla;Cour-commune;28;0;1;7;19
IUA_693;BAMBA LAMINE;Danané;Man;Chateau;21;9;12;17;19
IUA_694;DIABATÉ CHRISTINE;Man;Toumodi;Chateau;25;12;17;13;18
IUA_695;AHOUA KADER;Korhogo;Odienné;Chateau;28;15;13;10;18
IUA_696;KONAN ISABELLE;Yamoussoukro;Daloa;Villa;17;10;12;15;12
IUA_697;KOUAKOU DONALD;Bouna;Boundiali;Cour-commune;20;10;4;7;8
IUA_698;N’GUESSAN MESSI;Odienné;Abidjan;Cour-commune;26;5;17;7;3
IUA_699;KONAN OUMAR;Séguéla;Bondoukou;Villa;28;4;11;10;19
IUA_700;KONATÉ DONALD;Abidjan;Danané;Villa;25;18;2;2;0
IUA_701;AHOUA ISSOUF;Séguéla;Abidjan;Cour-commune;23;1;3;13;18
IUA_702;GNAMBA IDRISS;Lakota;Agboville;Villa;24;1;15;4;1
IUA_703;TRAORÉ KADER;Soubré;Odienné;Chateau;25;14;12;12;18
IUA_704;KONATÉ TANYA;San-Pédro;Daloa;Cour-commune;26;3;12;9;14
IUA_705;TANO JACQUES;Toumodi;Daloa;Cour-commune;16;1;12;4;19
IUA_706;AKA JULE;Lakota;Agnibilékrou;Villa;20;14;17;6;6
IUA_707;COULIBALY BARBARA;Korhogo;Boundiali;Cour-commune;24;3;9;14;7
IUA_708;KOFFI MESSI;Toumodi;Odienné;Villa;20;8;8;16;12
IUA_709;KONATÉ ERIC;Man;Yamoussoukro;Villa;28;0;17;0;6
IUA_710;CISSÉ CHRISTINE;Bondoukou;Yamoussoukro;Villa;20;18;8;5;10
IUA_711;GNAMBA PAUL;Bondoukou;Agboville;Cour-commune;28;16;6;10;3
IUA_712;ADJOUMANI DONALD;San-Pédro;Toumodi;Cour-commune;28;6;12;7;8
IUA_713;COULIBALY LISA;Odienné;Bouna;Cour-commune;22;9;17;3;2
IUA_714;YAO MARC;Divo;San-Pédro;Cour-commune;25;6;1;6;8
IUA_715;ADJOUMANI TANYA;San-Pédro;Tiassalé;Cour-commune;21;14;11;12;15
IUA_716;KOUAKOU CASSANDRA;Man;Agnibilékrou;Villa;18;17;6;8;12
IUA_717;ZOUMANA MARC;Abengourou;Issia;Cour-commune;27;5;15;11;15
IUA_718;ZOUMANA MICHELLE;Gagnoa;Soubré;Chateau;21;16;18;9;19
IUA_719;TANO CASSANDRA;Bouaké;Toumodi;Cour-commune;27;14;11;3;8
IUA_720;BAKAYOKO TANYA;Yamoussoukro;Bouna;Cour-commune;21;1;18;15;4
IUA_721;CISSÉ ABDEL;Abengourou;Agboville;Villa;25;16;11;2;15
IUA_722;AKA KADER;Agboville;Mankono;Cour-commune;22;17;9;2;7
IUA_723;GOUHO JACQUES;Toumodi;Agnibilékrou;Chateau;26;9;16;12;19
IUA_724;BAMBA ALEXANDRE;Agnibilékrou;Issia;Villa;19;8;2;13;1
IUA_725;COULIBALY OUMAR;Bouaké;Danané;Villa;18;4;19;13;15
IUA_726;KOFFI JOHN;Agboville;Danané;Cour-commune;17;10;4;11;4
IUA_727;SORO JULE;Odienné;Lakota;Villa;19;19;11;8;10
IUA_728;DJEDJE MOHAMED;Yamoussoukro;San-Pédro;Cour-commune;24;0;5;17;10
IUA_729;CISSÉ AMINATA;Abengourou;Danané;Villa;21;19;14;11;0
IUA_730;KOUADIO JEAN;Yamoussoukro;Boundiali;Chateau;24;16;19;18;7
IUA_731;BAMBA JOHN;Issia;Bondoukou;Chateau;24;14;1;1;9
IUA_732;AKA CASSANDRA;Daloa;Bondoukou;Cour-commune;19;13;15;14;10
IUA_733;KOFFI ERIC;Agnibilékrou;Mankono;Villa;16;7;13;16;7
IUA_734;N’GUESSAN BRYAN;Issia;Boundiali;Cour-commune;17;8;4;3;19
IUA_735;ZOUMANA DAVID;Boundiali;Ferkessédougou;Cour-commune;18;5;6;1;3
IUA_736;KOUAKOU TANYA;Ferkessédougou;Bouna;Cour-commune;20;7;16;5;2
IUA_737;DJEDJE OLIVIER;Yamoussoukro;Séguéla;Villa;22;12;4;9;17
IUA_738;YAO ANDREA;San-Pédro;Abengourou;Cour-commune;18;15;0;8;10
IUA_739;DIAKITÉ ABOU;Gagnoa;Lakota;Cour-commune;20;0;10;5;3
IUA_740;TOURÉ ABOU;Daloa;Bondoukou;Cour-commune;29;18;15;6;6
IUA_741;BAMBA ABDEL;Mankono;San-Pédro;Cour-commune;18;7;0;7;14
IUA_742;SORO LISA;Issia;Odienné;Villa;22;19;8;5;8
IUA_743;KOUAKOU CASSANDRA;Agboville;Agboville;Villa;18;1;5;16;1
IUA_744;AKA DONALD;Ferkessédougou;Toumodi;Cour-commune;20;10;16;15;5
IUA_745;GON IDRISS;Ferkessédougou;Tiassalé;Villa;23;5;16;16;6
IUA_746;BERTHÉ ABOU;Issia;Tiassalé;Villa;25;12;3;3;5
IUA_747;GNAMBA CARLOS;Odienné;Bondoukou;Cour-commune;17;0;5;6;9
IUA_748;AKA LISA;Tiassalé;Séguéla;Cour-commune;21;16;12;1;5
IUA_749;FOFANA JOHN;Gagnoa;Mankono;Cour-commune;18;13;13;2;1
IUA_750;KONATÉ JOHN;Abengourou;Abengourou;Cour-commune;19;9;1;7;18
IUA_751;ADJOUMANI MICHELLE;Odienné;Lakota;Cour-commune;25;8;0;18;0
IUA_752;BAMBA DAVID;Agnibilékrou;Abengourou;Cour-commune;28;7;4;5;14
IUA_753;COULIBALY AMINATA;Divo;Ferkessédougou;Villa;20;16;3;8;14
IUA_754;GON ADAM;Tiassalé;San-Pédro;Chateau;23;19;14;16;8
IUA_755;FOFANA LAMINE;Abengourou;Yamoussoukro;Villa;22;4;14;17;7
IUA_756;GNAMBA LAMINE;Bondoukou;Bouna;Chateau;26;17;18;11;7
IUA_757;N’GUESSAN PAUL;Soubré;Bouna;Chateau;27;1;6;12;6
IUA_758;ADJOUMANI DAVID;Mankono;Man;Cour-commune;27;3;3;4;19
IUA_759;ADJOUMANI CASSANDRA;Toumodi;Yamoussoukro;Villa;27;14;7;14;7
IUA_760;TRAORÉ CHRISTINE;Mankono;Boundiali;Cour-commune;24;16;15;3;18
IUA_761;KOUAKOU DIDIER;Tiassalé;Séguéla;Cour-commune;16;10;12;1;5
IUA_762;TRAORÉ MATHIEU;Agnibilékrou;Ferkessédougou;Villa;23;13;14;13;11
IUA_763;ADJOUMANI DONALD;Divo;Man;Villa;23;13;19;10;8
IUA_764;AHOUA ISSOUF;Korhogo;Gagnoa;Cour-commune;17;8;6;7;18
IUA_765;DEMBÉLÉ ISSOUF;Agboville;Lakota;Villa;17;7;15;8;13
IUA_766;TRAORÉ LUC;Odienné;Man;Villa;26;18;8;1;14
IUA_767;KONAN JULE;Danané;Tiassalé;Cour-commune;29;6;17;9;6
IUA_768;AKA MELISSA;Abidjan;Korhogo;Cour-commune;26;13;0;17;1
IUA_769;ZOUMANA ANGELA;Mankono;Agnibilékrou;Villa;17;17;1;12;12
IUA_770;BAMBA JOHN;Soubré;Gagnoa;Cour-commune;28;14;1;2;2
IUA_771;TRAORÉ CHRISTINE;Lakota;Boundiali;Chateau;29;18;18;18;19
IUA_772;KOFFI OLIVIER;Mankono;Mankono;Cour-commune;26;2;18;3;9
IUA_773;DIAKITÉ CASSANDRA;Gagnoa;Soubré;Cour-commune;27;6;13;5;0
IUA_774;BAMBA KEVIN;Abengourou;Agboville;Cour-commune;24;10;4;12;6
IUA_775;ADJOUMANI PAUL;Gagnoa;Toumodi;Chateau;19;13;18;14;18
IUA_776;BAKAYOKO ABDEL;San-Pédro;Yamoussoukro;Chateau;20;16;19;0;12
IUA_777;DEMBÉLÉ ISSOUF;Ferkessédougou;Boundiali;Villa;21;19;4;8;1
IUA_778;BAKAYOKO ISSOUF;Abidjan;Lakota;Villa;19;6;10;11;13
IUA_779;BAKAYOKO MELISSA;Mankono;Danané;Villa;24;4;2;7;19
IUA_780;DIABATÉ JOHN;Bouaké;Abengourou;Cour-commune;16;16;8;1;11
IUA_781;ADJOUMANI LISA;Odienné;Korhogo;Cour-commune;19;10;0;12;13
IUA_782;FOFANA LAMINE;Man;Agboville;Cour-commune;24;3;13;18;12
IUA_783;KONATÉ ISABELLE;Tiassalé;Agboville;Chateau;28;17;16;17;5
IUA_784;BAKAYOKO ERIC;Boundiali;Gagnoa;Cour-commune;24;16;1;14;7
IUA_785;AHOUA CHRISTINE;Toumodi;Danané;Chateau;25;9;19;10;15
IUA_786;BAKAYOKO FELICIA;Divo;Boundiali;Cour-commune;25;4;7;7;10
IUA_787;SORO ALEXANDRE;Agboville;Boundiali;Cour-commune;22;5;8;3;4
IUA_788;TRAORÉ OLIVIER;Lakota;Lakota;Cour-commune;17;0;17;12;17
IUA_789;TANO DAVID;Bondoukou;Bondoukou;Cour-commune;21;13;9;2;11
IUA_790;GNAMBA DIDIER;Agnibilékrou;Daloa;Cour-commune;16;11;14;14;6
IUA_791;GON ISSOUF;Bondoukou;Gagnoa;Cour-commune;26;5;4;14;10
IUA_792;DJEDJE ADAM;Ferkessédougou;Bouna;Villa;24;13;7;3;9
IUA_793;SORO ABOU;Abidjan;Bondoukou;Cour-commune;25;1;10;11;2
IUA_794;KOUAKOU DAVID;Ferkessédougou;Soubré;Chateau;24;17;11;10;7
IUA_795;ZOUMANA MELISSA;Bouna;Korhogo;Cour-commune;23;4;1;12;11
IUA_796;KONATÉ MATHIEU;San-Pédro;San-Pédro;Villa;21;10;19;5;17
IUA_797;KONAN JEAN;Lakota;Gagnoa;Villa;16;14;12;16;1
IUA_798;KONAN JOHN;Tiassalé;Danané;Cour-commune;24;1;14;12;8
IUA_799;GON OUMAR;Lakota;Issia;Cour-commune;24;0;4;13;13
IUA_800;BAMBA DAVID;Agboville;Ferkessédougou;Cour-commune;22;9;17;6;7
IUA_801;N’GUESSAN FELICIA;Issia;Boundiali;Cour-commune;24;0;5;12;19
IUA_802;BERTHÉ DIDIER;Bouna;Issia;Cour-commune;29;0;12;13;1
IUA_803;YAO DAVID;Divo;Bondoukou;Cour-commune;27;0;0;15;1
IUA_804;DJEDJE ABDEL;Man;Séguéla;Cour-commune;18;12;4;2;12
IUA_805;DIAKITÉ ISSOUF;Danané;Lakota;Chateau;20;17;12;12;15
IUA_806;TANO CHRISTINE;Abidjan;San-Pédro;Villa;28;0;13;14;13
IUA_807;FOFANA ABOU;Korhogo;Abengourou;Villa;24;14;1;8;17
IUA_808;TRAORÉ ISSOUF;Mankono;San-Pédro;Villa;25;13;16;1;2
IUA_809;CISSÉ ADAM;Soubré;Toumodi;Cour-commune;20;0;17;6;15
IUA_810;AKA TANYA;Tiassalé;Abidjan;Chateau;25;12;18;16;18
IUA_811;GNAMBA AMINATA;Korhogo;Danané;Chateau;21;18;6;18;13
IUA_812;N’GUESSAN MARC;Ferkessédougou;Mankono;Chateau;19;15;10;19;11
IUA_813;AKA MICHELLE;Tiassalé;Danané;Cour-commune;29;0;18;12;16
IUA_814;FOFANA ERIC;Lakota;Lakota;Cour-commune;21;9;6;12;19
IUA_815;AKA ERIC;Tiassalé;San-Pédro;Chateau;21;14;9;16;19
IUA_816;GOUHO ANDREA;Odienné;Agboville;Villa;26;0;17;3;3
IUA_817;KOUADIO LAMINE;Odienné;Abidjan;Cour-commune;22;15;6;11;14
IUA_818;KOUADIO KADER;Korhogo;Mankono;Cour-commune;19;9;13;9;0
IUA_819;DIAKITÉ JACQUES;Danané;Yamoussoukro;Cour-commune;20;18;8;2;9
IUA_820;DIABATÉ FELICIA;Agboville;Agnibilékrou;Cour-commune;17;15;0;2;18
IUA_821;AKA MARC;Ferkessédougou;Bondoukou;Cour-commune;24;2;1;17;19
IUA_822;CISSÉ RONALDO;Toumodi;Lakota;Villa;22;16;13;18;2
IUA_823;AHOUA PAUL;Odienné;San-Pédro;Cour-commune;19;3;11;18;3
IUA_824;ADJOUMANI LISA;Yamoussoukro;Mankono;Cour-commune;24;4;10;18;4
IUA_825;SORO KEVIN;Yamoussoukro;Bondoukou;Cour-commune;25;16;1;6;13
IUA_826;FOFANA JUSTIN;Abidjan;Divo;Cour-commune;22;2;15;5;11
IUA_827;AKA MELISSA;Boundiali;Daloa;Villa;18;10;19;15;4
IUA_828;N’GUESSAN AMINATA;San-Pédro;Danané;Villa;18;17;18;8;18
IUA_829;KOFFI DAVID;Agboville;Ferkessédougou;Cour-commune;17;2;4;1;1
IUA_830;TOURÉ ANGELA;Odienné;Odienné;Villa;24;14;19;3;12
IUA_831;SORO ISABELLE;Agboville;Séguéla;Chateau;29;1;19;19;18
IUA_832;DJEDJE IDRISS;Lakota;Lakota;Chateau;27;9;8;11;17
IUA_833;AKA ABOU;Odienné;Toumodi;Cour-commune;22;17;2;0;5
IUA_834;KOUADIO KADER;Boundiali;Abengourou;Cour-commune;28;4;15;0;5
IUA_835;CISSÉ DIDIER;Agnibilékrou;Abidjan;Villa;28;14;16;2;10
IUA_836;GNAMBA FELICIA;Toumodi;Abidjan;Chateau;17;1;19;16;17
IUA_837;DEMBÉLÉ DAVID;Lakota;Agnibilékrou;Cour-commune;23;19;7;7;5
IUA_838;ZOUMANA RONALDO;Odienné;Yamoussoukro;Villa;21;7;14;6;17
IUA_839;SORO MELISSA;Divo;Korhogo;Villa;22;18;18;6;8
IUA_840;AKA JULE;Abengourou;Divo;Cour-commune;23;4;4;9;11
IUA_841;N’GUESSAN ANDREA;Agboville;Toumodi;Villa;29;15;9;8;0
IUA_842;GNAMBA TANYA;Gagnoa;Abidjan;Cour-commune;18;0;19;4;7
IUA_843;YAO LUC;San-Pédro;Divo;Cour-commune;18;15;12;4;15
IUA_844;DJEDJE JEAN;Danané;Ferkessédougou;Villa;26;17;13;8;4
IUA_845;OUATTARA KEVIN;San-Pédro;Toumodi;Villa;28;7;16;12;13
IUA_846;DIAKITÉ KADER;Daloa;Bouaké;Cour-commune;28;2;2;11;15
IUA_847;BAMBA KEVIN;Yamoussoukro;Agboville;Cour-commune;22;12;11;5;3
IUA_848;KOUAKOU ADAM;Agboville;Daloa;Cour-commune;28;0;4;13;14
IUA_849;BAMBA JACQUES;Mankono;Agboville;Cour-commune;26;5;4;9;19
IUA_850;COULIBALY KEVIN;Bouaké;Ferkessédougou;Cour-commune;16;2;7;4;2
IUA_851;GNAMBA ABDEL;Toumodi;Agboville;Cour-commune;28;0;7;19;8
IUA_852;AHOUA DONALD;Yamoussoukro;Bouna;Chateau;20;7;6;15;19
IUA_853;DIAKITÉ ADAM;Séguéla;Bouna;Cour-commune;19;10;12;8;3
IUA_854;OUATTARA DIDIER;Toumodi;Mankono;Chateau;17;16;19;17;8
IUA_855;ADJOUMANI ADAM;Bouaké;Agnibilékrou;Cour-commune;26;9;7;4;19
IUA_856;DEMBÉLÉ ANDREA;Séguéla;Bouna;Cour-commune;19;18;1;7;2
IUA_857;COULIBALY LUC;Abidjan;Abengourou;Cour-commune;27;8;1;8;4
IUA_858;DJEDJE ABDEL;Soubré;Issia;Cour-commune;27;13;8;4;1
IUA_859;COULIBALY ANDREA;Man;Odienné;Cour-commune;23;18;16;6;6
IUA_860;BAMBA JACQUES;Agnibilékrou;Agnibilékrou;Cour-commune;22;11;9;6;10
IUA_861;BAMBA IDRISS;Ferkessédougou;Tiassalé;Cour-commune;29;1;11;7;9
IUA_862;N’GUESSAN MARC;Toumodi;Korhogo;Villa;18;6;19;2;17
IUA_863;KOUADIO KADER;Séguéla;Man;Cour-commune;21;12;18;10;6
IUA_864;BERTHÉ MATHIEU;Divo;Lakota;Villa;19;17;2;3;1
IUA_865;KOFFI BRYAN;Danané;Danané;Cour-commune;26;11;11;17;0
IUA_866;KONAN LUC;Séguéla;Korhogo;Villa;29;12;9;13;18
IUA_867;GON BARBARA;Abidjan;Lakota;Cour-commune;21;9;1;8;18
IUA_868;YAO PAUL;Daloa;Boundiali;Chateau;28;14;18;6;18
IUA_869;GNAMBA RONALDO;Abengourou;Man;Villa;21;15;7;8;10
IUA_870;BERTHÉ KEVIN;Korhogo;Danané;Chateau;26;6;18;18;11
IUA_871;ADJOUMANI BARBARA;Korhogo;Danané;Villa;23;7;19;14;10
IUA_872;DIABATÉ RONALDO;Bondoukou;Agnibilékrou;Cour-commune;23;8;6;10;3
IUA_873;BERTHÉ MARC;Séguéla;Bouna;Cour-commune;24;16;4;1;17
IUA_874;BAMBA ISABELLE;Issia;Toumodi;Cour-commune;20;14;7;9;5
IUA_875;DEMBÉLÉ FELICIA;Divo;Danané;Chateau;18;18;19;6;15
IUA_876;GNAMBA MOHAMED;Yamoussoukro;Bondoukou;Villa;21;5;14;12;17
IUA_877;KONAN MOHAMED;Lakota;Bondoukou;Cour-commune;25;1;3;13;11
IUA_878;TOURÉ IDRISS;Bouaké;Boundiali;Villa;19;8;16;4;13
IUA_879;BAKAYOKO KADER;Séguéla;Daloa;Cour-commune;19;1;19;0;10
IUA_880;BERTHÉ DIDIER;Soubré;Agboville;Cour-commune;23;17;8;0;2
IUA_881;GOUHO ANDREA;Mankono;Daloa;Cour-commune;22;7;14;1;6
IUA_882;ADJOUMANI OLIVIER;Yamoussoukro;Mankono;Cour-commune;16;11;2;8;10
IUA_883;N’GUESSAN MOHAMED;Danané;Daloa;Cour-commune;26;1;14;16;0
IUA_884;TOURÉ TANYA;Abengourou;Abidjan;Cour-commune;24;12;2;4;6
IUA_885;AKA LISA;Man;Man;Cour-commune;29;15;1;10;13
IUA_886;GOUHO CARLOS;Yamoussoukro;Soubré;Villa;20;13;18;5;14
IUA_887;KOUADIO JUSTIN;Korhogo;Agboville;Chateau;27;15;5;15;18
IUA_888;GON CHRISTINE;Toumodi;Séguéla;Cour-commune;29;19;2;16;0
IUA_889;N’GUESSAN MESSI;Abengourou;Toumodi;Cour-commune;19;17;17;0;4
IUA_890;GOUHO LAMINE;Gagnoa;Bouaké;Cour-commune;20;19;2;17;0
IUA_891;KONAN MOHAMED;Boundiali;Mankono;Cour-commune;29;11;13;0;9
IUA_892;DEMBÉLÉ AMINATA;Yamoussoukro;Soubré;Cour-commune;25;18;1;3;9
IUA_893;AHOUA MOHAMED;Bondoukou;Korhogo;Cour-commune;22;9;9;12;7
IUA_894;KOUADIO DONALD;San-Pédro;Gagnoa;Cour-commune;27;18;1;9;6
IUA_895;BAMBA FELICIA;Agnibilékrou;Bouna;Chateau;23;15;19;18;11
IUA_896;BAKAYOKO MICHELLE;Bondoukou;Yamoussoukro;Cour-commune;27;6;9;5;4
IUA_897;CISSÉ ISSOUF;Abengourou;Soubré;Villa;16;18;5;6;14
IUA_898;FOFANA MARC;Mankono;Bouaké;Villa;18;2;12;14;13
IUA_899;KONATÉ CASSANDRA;Divo;Agboville;Cour-commune;27;1;8;9;3
IUA_900;AKA TANYA;Tiassalé;Soubré;Chateau;20;7;18;14;15
IUA_901;GOUHO ALEXANDRE;Agboville;Issia;Cour-commune;17;3;9;18;9
IUA_902;COULIBALY PAUL;Issia;Abengourou;Chateau;26;13;13;14;19
IUA_903;DEMBÉLÉ DAVID;Soubré;Toumodi;Cour-commune;28;6;6;14;7
IUA_904;TANO MATHIEU;Séguéla;Odienné;Villa;26;12;6;15;7
IUA_905;DJEDJE RONALDO;Odienné;Agboville;Chateau;18;16;4;13;12
IUA_906;OUATTARA ERIC;Soubré;Abidjan;Chateau;28;19;16;12;17
IUA_907;FOFANA TANYA;Soubré;Boundiali;Cour-commune;21;16;7;13;0
IUA_908;KOUADIO LAMINE;Boundiali;Danané;Cour-commune;27;3;17;12;2
IUA_909;OUATTARA LAMINE;Abengourou;Divo;Villa;19;3;16;11;2
IUA_910;KONAN MARC;Danané;Odienné;Villa;24;1;14;14;14
IUA_911;N’GUESSAN CHRISTINE;Divo;Yamoussoukro;Cour-commune;20;3;17;2;8
IUA_912;TOURÉ KADER;Abidjan;Danané;Villa;18;19;4;5;14
IUA_913;GON ANDREA;Boundiali;Mankono;Cour-commune;26;11;4;5;6
IUA_914;TANO PAUL;Bouna;Toumodi;Chateau;20;17;9;18;10
IUA_915;ADJOUMANI DIDIER;Boundiali;Séguéla;Cour-commune;20;8;9;7;0
IUA_916;KONATÉ ERIC;Toumodi;Lakota;Villa;18;0;4;1;17
IUA_917;BAKAYOKO KEVIN;Daloa;Abengourou;Villa;18;1;14;15;13
IUA_918;DIABATÉ MOHAMED;Ferkessédougou;Boundiali;Cour-commune;23;0;2;13;16
IUA_919;KONATÉ OLIVIER;Soubré;Korhogo;Villa;17;0;0;15;7
IUA_920;COULIBALY MESSI;Ferkessédougou;Mankono;Villa;25;10;19;11;8
IUA_921;DJEDJE KEVIN;Boundiali;Korhogo;Chateau;23;16;14;19;15
IUA_922;DIAKITÉ ADAM;Issia;Tiassalé;Villa;19;10;11;14;6
IUA_923;BAMBA MARC;Bouaké;Divo;Cour-commune;23;2;3;18;16
IUA_924;TOURÉ DONALD;Agboville;Korhogo;Villa;21;10;7;14;10
IUA_925;ZOUMANA MATHIEU;Man;Korhogo;Villa;18;7;2;16;18
IUA_926;GOUHO MOHAMED;Toumodi;Abidjan;Villa;18;0;9;9;4
IUA_927;AHOUA BARBARA;Daloa;Soubré;Cour-commune;18;7;14;15;10
IUA_928;COULIBALY TANYA;Gagnoa;Korhogo;Villa;21;9;8;0;15
IUA_929;DIABATÉ OUMAR;Tiassalé;Bouna;Cour-commune;20;17;2;8;8
IUA_930;YAO CHRISTINE;Ferkessédougou;Bouaké;Villa;21;9;17;15;3
IUA_931;N’GUESSAN LUC;Bondoukou;Lakota;Cour-commune;16;5;11;13;5
IUA_932;TOURÉ MICHELLE;Toumodi;Daloa;Villa;17;18;4;13;15
IUA_933;BAKAYOKO BARBARA;Daloa;Daloa;Villa;21;15;10;7;16
IUA_934;SORO KADER;Mankono;Korhogo;Villa;27;12;2;19;7
IUA_935;TOURÉ ALEXANDRE;Gagnoa;Issia;Villa;16;8;11;17;7
IUA_936;OUATTARA ISABELLE;Odienné;Lakota;Villa;28;1;16;5;1
IUA_937;YAO KEVIN;Bouaké;Korhogo;Cour-commune;18;2;14;11;2
IUA_938;BAMBA MESSI;Abengourou;Issia;Villa;20;3;7;16;16
IUA_939;GON ADAM;Bouna;Soubré;Cour-commune;29;4;4;1;8
IUA_940;BAMBA ABDEL;Daloa;Odienné;Villa;27;9;14;12;5
IUA_941;BAMBA MICHELLE;Man;San-Pédro;Villa;22;16;11;6;9
IUA_942;DIABATÉ LISA;Toumodi;Gagnoa;Cour-commune;27;14;8;8;4
IUA_943;DEMBÉLÉ KEVIN;Lakota;Agnibilékrou;Chateau;24;3;15;10;17
IUA_944;KOUADIO MARC;Abengourou;Danané;Villa;25;16;5;14;16
IUA_945;SORO CARLOS;Yamoussoukro;Odienné;Chateau;19;16;17;16;12
IUA_946;AKA ERIC;Daloa;Tiassalé;Cour-commune;25;9;6;11;9
IUA_947;DIABATÉ IDRISS;Agnibilékrou;Danané;Cour-commune;22;5;5;16;5
IUA_948;KOFFI AMINATA;Odienné;Bouaké;Cour-commune;29;14;11;5;16
IUA_949;BAKAYOKO ABOU;Issia;Tiassalé;Cour-commune;25;11;11;5;13
IUA_950;KOUADIO JACQUES;Abengourou;Abidjan;Cour-commune;23;2;6;17;9
IUA_951;TOURÉ FELICIA;Gagnoa;Agnibilékrou;Cour-commune;24;1;9;14;10
IUA_952;SORO BRYAN;Korhogo;Issia;Villa;19;7;5;8;3
IUA_953;DEMBÉLÉ MELISSA;Boundiali;Issia;Cour-commune;28;6;2;4;2
IUA_954;GNAMBA MESSI;San-Pédro;Yamoussoukro;Cour-commune;21;5;5;2;18
IUA_955;DJEDJE LAMINE;Tiassalé;Ferkessédougou;Cour-commune;21;10;0;19;5
IUA_956;GOUHO CHRISTINE;Gagnoa;Danané;Cour-commune;22;9;6;5;8
IUA_957;ZOUMANA LAMINE;Tiassalé;Abidjan;Cour-commune;28;17;11;11;7
IUA_958;DJEDJE CARLOS;Daloa;Toumodi;Cour-commune;25;2;14;0;13
IUA_959;DIAKITÉ ISABELLE;Boundiali;Abidjan;Cour-commune;18;7;7;1;12
IUA_960;AHOUA RONALDO;Abidjan;Man;Cour-commune;19;2;14;5;16
IUA_961;OUATTARA JUSTIN;Bondoukou;Bouna;Cour-commune;24;15;1;4;6
IUA_962;GOUHO PAUL;Soubré;Gagnoa;Cour-commune;27;5;6;16;2
IUA_963;YAO MESSI;Soubré;Agnibilékrou;Villa;19;4;14;17;7
IUA_964;BERTHÉ AMINATA;Korhogo;Yamoussoukro;Chateau;29;1;2;19;3
IUA_965;BERTHÉ LAMINE;Bouaké;San-Pédro;Chateau;19;5;19;18;3
IUA_966;KONAN ANDREA;Korhogo;Korhogo;Chateau;24;12;6;17;19
IUA_967;AKA OLIVIER;Danané;Abidjan;Chateau;25;12;7;5;1
IUA_968;AKA LISA;Abengourou;Ferkessédougou;Cour-commune;19;12;10;2;6
IUA_969;ADJOUMANI DAVID;Abidjan;Boundiali;Cour-commune;21;18;0;17;2
IUA_970;GOUHO ABOU;Yamoussoukro;Divo;Cour-commune;20;5;10;16;4
IUA_971;DIAKITÉ MELISSA;Odienné;Toumodi;Cour-commune;17;1;12;8;12
IUA_972;AHOUA LUC;Issia;Issia;Cour-commune;17;0;4;6;2
IUA_973;ADJOUMANI ISSOUF;Mankono;Abengourou;Villa;16;11;16;1;4
IUA_974;DIABATÉ IDRISS;Tiassalé;Korhogo;Villa;21;19;16;8;9
IUA_975;DEMBÉLÉ DONALD;Mankono;Séguéla;Chateau;28;11;14;19;12
IUA_976;ADJOUMANI ANGELA;Abidjan;Yamoussoukro;Cour-commune;17;7;0;18;1
IUA_977;ADJOUMANI ADAM;Toumodi;Bouaké;Cour-commune;27;8;14;3;11
IUA_978;COULIBALY JULE;Odienné;Séguéla;Villa;28;4;16;11;19
IUA_979;DEMBÉLÉ ALEXANDRE;Odienné;Man;Cour-commune;23;7;1;19;9
IUA_980;BAKAYOKO DAVID;Soubré;Yamoussoukro;Cour-commune;16;18;0;2;15
IUA_981;DEMBÉLÉ KEVIN;Bouna;Bouaké;Cour-commune;19;8;4;2;2
IUA_982;ADJOUMANI ISABELLE;Agnibilékrou;Agnibilékrou;Cour-commune;20;15;1;9;3
IUA_983;AHOUA MATHIEU;San-Pédro;Danané;Villa;28;13;15;11;11
IUA_984;BAMBA FELICIA;Agnibilékrou;Man;Villa;26;18;3;16;13
IUA_985;KONAN JEAN;Daloa;Bouaké;Villa;18;16;11;0;17
IUA_986;DEMBÉLÉ KEVIN;Soubré;Abidjan;Villa;22;11;19;10;1
IUA_987;KOUADIO OUMAR;Bondoukou;San-Pédro;Cour-commune;21;14;9;8;15
IUA_988;GOUHO CASSANDRA;Bouaké;Bouna;Villa;17;17;17;9;6
IUA_989;TRAORÉ MESSI;Yamoussoukro;Séguéla;Chateau;22;6;13;19;19
IUA_990;BERTHÉ OUMAR;Abidjan;Divo;Cour-commune;28;4;14;16;2
IUA_991;GOUHO ANGELA;Issia;Bondoukou;Chateau;21;12;0;4;9
IUA_992;KOFFI TANYA;Ferkessédougou;Mankono;Chateau;27;15;12;13;7
IUA_993;GNAMBA TANYA;Séguéla;Danané;Villa;17;10;12;16;10
IUA_994;DJEDJE ABOU;Bondoukou;Korhogo;Cour-commune;26;9;1;13;16
IUA_995;TRAORÉ FELICIA;Bondoukou;Toumodi;Chateau;24;13;15;5;14
IUA_996;GON MATHIEU;Bouna;San-Pédro;Cour-commune;25;10;7;1;16
IUA_997;AKA ANGELA;Man;Man;Cour-commune;19;1;4;18;1
IUA_998;DIAKITÉ BARBARA;Séguéla;Boundiali;Chateau;21;0;2;12;11
IUA_999;KOUAKOU MESSI;Abengourou;Danané;Villa;18;15;6;15;6
IUA_1000;KOFFI MICHELLE;Issia;Bouaké;Cour-commune;23;0;6;6;2